=== RX event-flood stress 2026-06-19T15:03:40Z dur=120s ===
bt init
[1;32muart:~$ [m[8D[JBluetooth initialized
[1;32muart:~$ [m[8D[J[00:00:12.023,000] [0m<inf> bt_driver: controller public BD_ADDR 88:A2:9E:D1:6D:A0 verified (= WiFi MAC + 1)[0m
[1;32muart:~$ [m[8D[J[00:00:12.108,000] [1;33m<wrn> bt_hci_core: Num of Controller's ACL packets != ACL bt_conn_tx contexts (8 != 3)[0m
[1;32muart:~$ [m[8D[J[00:00:12.158,000] [0m<inf> bt_hci_core: HCI transport: HCI[0m
[1;32muart:~$ [m[8D[J[00:00:12.158,000] [0m<inf> bt_hci_core: Identity: 88:A2:9E:D1:6D:A0 (public)[0m
[1;32muart:~$ [m[8D[J[00:00:12.158,000] [0m<inf> bt_hci_core: HCI: version 5.2 (0x0b) revision 0x0000, manufacturer 0x0131[0m
[1;32muart:~$ [m[8D[J[00:00:12.158,000] [0m<inf> bt_hci_core: LMP: version 5.2 (0x0b) subver 0x2310[0m
[1;32muart:~$ [m[8D[J[1;32muart:~$ [m>> uptime before: 17629 ms
bt scan on
Bluetooth active scan enabled
[1;32muart:~$ [m[8D[J[DEVICE]: 88:6B:0F:C1:6A:91 (public), AD evt type 0, RSSI -88  C:1 S:1 D:0 SR:0 E:0 Prim: LE 1M, Secn: No packets, Interval: 0x0000 (0 us), SID: 0xff
[1;32muart:~$ [m[8D[J[DEVICE]: CF:4C:9E:8A:91:6D (random), AD evt type 4, RSSI -80  C:0 S:1 D:0 SR:1 E:0 Prim: LE 1M, Secn: No packets, Interval: 0x0000 (0 us), SID: 0xff
[1;32muart:~$ [m[8D[J[DEVICE]: CF:4C:9E:8A:91:6D (random), AD evt type 0, RSSI -71 Olivia’s Hatch C:1 S:1 D:0 SR:0 E:0 Prim: LE 1M, Secn: No packets, Interval: 0x0000 (0 us), SID: 0xff
[1;32muart:~$ [m[8D[J[DEVICE]: CF:4C:9E:8A:91:6D (random), AD evt type 0, RSSI -78 Olivia’s Hatch C:1 S:1 D:0 SR:0 E:0 Prim: LE 1M, Secn: No packets, Interval: 0x0000 (0 us), SID: 0xff
[1;32muart:~$ [m[8D[J[DEVICE]: CF:4C:9E:8A:91:6D (random), AD evt type 4, RSSI -78  C:0 S:1 D:0 SR:1 E:0 Prim: LE 1M, Secn: No packets, Interval: 0x0000 (0 us), SID: 0xff
[1;32muart:~$ [m[8D[J[DEVICE]: CF:4C:9E:8A:91:6D (random), AD evt type 0, RSSI -67 Olivia’s Hatch C:1 S:1 D:0 SR:0 E:0 Prim: LE 1M, Secn: No packets, Interval: 0x0000 (0 us), SID: 0xff
[1;32muart:~$ [m[8D[J[DEVICE]: 88:6B:0F:C1:6A:91 (public), AD evt type 0, RSSI -102  C:1 S:1 D:0 SR:0 E:0 Prim: LE 1M, Secn: No packets, Interval: 0x0000 (0 us), SID: 0xff
[1;32muart:~$ [m[8D[J[DEVICE]: 88:6B:0F:C1:6A:91 (public), AD evt type 4, RSSI -100 SCHWINN 170/270 C:0 S:1 D:0 SR:1 E:0 Prim: LE 1M, Secn: No packets, Interval: 0x0000 (0 us), SID: 0xff
[1;32muart:~$ [m[8D[J[DEVICE]: CF:4C:9E:8A:91:6D (random), AD evt type 0, RSSI -64 Olivia’s Hatch C:1 S:1 D:0 SR:0 E:0 Prim: LE 1M, Secn: No packets, Interval: 0x0000 (0 us), SID: 0xff
[1;32muart:~$ [m[8D[J[DEVICE]: CF:4C:9E:8A:91:6D (random), AD evt type 0, RSSI -78 Olivia’s Hatch C:1 S:1 D:0 SR:0 E:0 Prim: LE 1M, Secn: No packets, Interval: 0x0000 (0 us), SID: 0xff
[1;32muart:~$ [m[8D[J[DEVICE]: 88:6B:0F:C1:6A:91 (public), AD evt type 0, RSSI -99  C:1 S:1 D:0 SR:0 E:0 Prim: LE 1M, Secn: No packets, Interval: 0x0000 (0 us), SID: 0xff
[1;32muart:~$ [m[8D[J[DEVICE]: CF:4C:9E:8A:91:[8D[J[DEVICE]: CF:4C:9E:8A:91:6D (random), AD evt type 0, RSSI -64 Olivia’s Hatch C:1 S:1 D:0 SR:0 E:0 Prim: LE 1M, Secn: No packets, Interval: 0x0000 (0 us), SID: 0xff
[1;32muart:~$ [m[8D[J[DEVICE]: 63:6F:A9:40:4F:9C (random), AD evt type 2, RSSI -86  C:0 S:1 D:0 SR:0 E:0 Prim: LE 1M, Secn: No packets, Interval: 0x0000 (0 us), SID: 0xff
[1;32muart:~$ [m[8D[J[DEVICE]: 63:6F:A9:40:4F:9C (random), AD evt type 4, RSSI -86  C:0 S:1 D:0 SR:1 E:0 Prim: LE 1M, Secn: No packets, Interval: 0x0000 (0 us), SID: 0xff
[1;32muart:~$ [m[8D[J[DEVICE]: CF:4C:9E:8A:91:6D (random), AD evt type 0, RSSI -78 Olivia’s Hatch C:1 S:1 D:0 SR:0 E:0 Prim: LE 1M, Secn: No packets, Interval: 0x0000 (0 us), SID: 0xff
[1;32muart:~$ [m[8D[J[DEVICE]: CF:4C:9E:8A:91:6D (random), AD evt type 4, RSSI -78  C:0 S:1 D:0 SR:1 E:0 Prim: LE 1M, Secn: No packets, Interval: 0x0000 (0 us), SID: 0xff
[1;32muart:~$ [m[8D[J[DEVICE]: CF:4C:9E:8A:91:6D (random), AD evt type 0, RSSI -81 Olivia’s Hatch C:1 S:1 D:0 SR:0 E:0 Prim: LE 1M, Secn: No packets, Interval: 0x0000 (0 us), SID: 0xff
[1;32muart:~$ [m[8D[J[DEVICE]: CF:4C:9E:8A:91:6D (random), AD evt type 4, RSSI -81  C:0 S:1 D:0 SR:1 E:0 Prim: LE 1M, Secn: No packets, Interval: 0x0000 (0 us), SID: 0xff
[1;32muart:~$ [m[8D[J[DEVICE]: CF:4C:9E:8A:91:6D (random), AD evt type 0, RSSI -64 Olivia’s Hatch C:1 S:1 D:0 SR:0 E:0 Prim: LE 1M, Secn: No packets, Interval: 0x0000 (0 us), SID: 0xff
[1;32muart:~$ [m[8D[J[DEVICE]: 88:6B:0F:C1:6A:91 (public), AD evt type 0, RSSI -89  C:1 S:1 D:0 SR:0 E:0 Prim: LE 1M, Secn: No packets, Interval: 0x0000 (0 us), SID: 0xff
[1;32muart:~$ [m[8D[J[DEVICE]: 88:6B:0F:C1:6A:91 (public), AD evt type 0, RSSI -100  C:1 S:1 D:0 SR:0 E:0 Prim: LE 1M, Secn: No packets, Interval: 0x0000 (0 us), SID: 0xff
[1;32muart:~$ [m[8D[J[DEVICE]: CF:4C:9E:8A:91:6D (random), AD evt type 0, RSSI -82 Olivia’s Hatch C:1 S:1 D:0 SR:0 E:0 Prim: LE 1M, Secn: No packets, Interval: 0x0000 (0 us), SID: 0xff
[1;32muart:~$ [m[8D[J[DEVICE]: CF:4C:9E:8A:91:6D (random), AD evt type 0, RSSI -79 Olivia’s Hatch C:1 S:1 D:0 SR:0 E:0 Prim: LE 1M, Secn: No packets, Interval: 0x0000 (0 us), SID: 0xff
[1;32muart:~$ [m[8D[J[DEVICE]: CF:4C:9E:8A:91:6D (random), AD evt type 4, RSSI -79  C:0 S:1 D:0 SR:1 E:0 Prim: LE 1M, Secn: No packets, Interval: 0x0000 (0 us), SID: 0xff
[1;32muart:~$ [m[8D[J[DEVICE]: CF:4C:9E:8A:91:6D (random), AD evt type 0, RSSI -81 Olivia’s Hatch C:1 S:1 D:0 SR:0 E:0 Prim: LE 1M, Secn: No packets, Interval: 0x0000 (0 us), SID: 0xff
[1;32muart:~$ [m[8D[J[DEVICE]: CF:4C:9E:8A:91:6D (random), AD evt type 4, RSSI -81  C:0 S:1 D:0 SR:1 E:0 Prim: LE 1M, Secn: No packets, Interval: 0x0000 (0 us), SID: 0xff
[1;32muart:~$ [m[8D[J[DEVICE]: 88:6B:0F:C1:6A:91 (public), AD evt type 0, RSSI -98  C:1 S:1 D:0 SR:0 E:0 Prim: LE 1M, Secn: No packets, Interval: 0x0000 (0 us), SID: 0xff
[1;32muart:~$ [m[8D[J[DEVICE]: 88:6B:0F:C1:6A:91 (public), AD evt type 4, RSSI -97 SCHWINN 170/270 C:0 S:1 D:0 SR:1 E:0 Prim: LE 1M, Secn: No packets, Interval: 0x0000 (0 us), SID: 0xff
[1;32muart:~$ [m[8D[J[DEVICE]: CF:4C:9E:8A:91:6D (random), AD evt type 0, RSSI -82 Olivia’s Hatch C:1 S:1 D:0 SR:0 E:0 Prim: LE 1M, Secn: No packets, Interval: 0x0000 (0 us), SID: 0xff
[1;32muart:~$ [m[8D[J[DEVICE]: 88:6B:0F:C1:6A:91 (public), AD evt type 0, RSSI -89  C:1 S:1 D:0 SR:0 E:0 Prim: LE 1M, Secn: No packets, Interval: 0x0000 (0 us), SID: 0xff
[1;32muart:~$ [m[8D[J[DEVICE]: 63:6F:A9:40:4F:9C (random), AD evt type 4, RSSI -80  C:0 S:1 D:0 SR:1 E:0 Prim: LE 1M, Secn: No packets, Interval: 0x0000 (0 us), SID: 0xff
[1;32muart:~$ [m[8D[J[DEVICE]: 88:6B:0F:C1:6A:91 (public), AD evt type 0, RSSI -89  C:1 S:1 D:0 SR:0 E:0 Prim: LE 1M, Secn: No packets, Interval: 0x0000 (0 us), SID: 0xff
[1;32muart:~$ [m[8D[J[DEVICE]: CF:4C:9E:8A:91:6D (random), AD evt type 4, RSSI -82  C:0 S:1 D:0 SR:1 E:0 Prim: LE 1M, Secn: No packets, Interval: 0x0000 (0 us), SID: 0xff
[1;32muart:~$ [m[8D[J[DEVICE]: CF:4C:9E:8A:91:6D (random), AD evt type 0, RSSI -78 Olivia’s Hatch C:1 S:1 D:0 SR:0 E:0 Prim: LE 1M, Secn: No packets, Interval: 0x0000 (0 us), SID: 0xff
[1;32muart:~$ [m[8D[J[DEVICE]: CF:4C:9E:8A:91:6D (random), AD evt type 4, RSSI -78  C:0 S:1 D:0 SR:1 E:0 Prim: LE 1M, Secn: No packets, Interval: 0x0000 (0 us), SID: 0xff
[1;32muart:~$ [m[8D[J[DEVICE]: 63:6F:A9:40:4F:9C (random), AD evt type 2, RSSI -80  C:0 S:1 D:0 SR:0 E:0 Prim: LE 1M, Secn: No packets, Interval: 0x0000 (0 us), SID: 0xff
[1;32muart:~$ [m[8D[J[DEVICE]: 63:6F:A9:40:4F:9C (random), AD evt type 4, RSSI -80  C:0 S:1 D:0 SR:1 E:0 Prim: LE 1M, Secn: No packets, Interval: 0x0000 (0 us), SID: 0xff
[1;32muart:~$ [m[8D[J[DEVICE]: CF:4C:9E:8A:91:6D (random), AD evt type 0, RSSI -67 Olivia’s Hatch C:1 S:1 D:0 SR:0 E:0 Prim: LE 1M, Secn: No packets, Interval: 0x0000 (0 us), SID: 0xff
[1;32muart:~$ [m[8D[J[DEVICE]: 88:6B:0F:C1:6A:91 (public), AD evt type 0, RSSI -89  C:1 S:1 D:0 SR:0 E:0 Prim: LE 1M, Secn: No packets, Interval: 0x0000 (0 us), SID: 0xff
[1;32muart:~$ [m[8D[J[DEVICE]: CF:4C:9E:8A:91:6D (random), AD evt type 0, RSSI -68 Olivia’s Hatch C:1 S:1 D:0 SR:0 E:0 Prim: LE 1M, Secn: No packets, Interval: 0x0000 (0 us), SID: 0xff
[1;32muart:~$ [m[8D[J[DEVICE]: CF:4C:9E:8A:91:6D (random), AD evt type 0, RSSI -64 Olivia’s Hatch C:1 S:1 D:0 SR:0 E:0 Prim: LE 1M, Secn: No packets, Interval: 0x0000 (0 us), SID: 0xff
[1;32muart:~$ [m[8D[J[DEVICE]: FA:80:CA:8D:32:4A (random), AD evt type 3, RSSI -75  C:0 S:0 D:0 SR:0 E:0 Prim: LE 1M, Secn: No packets, Interval: 0x0000 (0 us), SID: 0xff
[1;32muart:~$ [m[8D[J[DEVICE]: F9:3A:E3:E6:6A:10 (random), AD evt type 0, RSSI -71 N014B C:1 S:1 D:0 SR:0 E:0 Prim: LE 1M, Secn: No packets, Interval: 0x0000 (0 us), SID: 0xff
[1;32muart:~$ [m[8D[J[DEVICE]: CF:4C:9E:8A:91:6D (random), AD evt type 4, RSSI -80  C:0 S:1 D:0 SR:1 E:0 Prim: LE 1M, Secn: No packets, Interval: 0x0000 (0 us), SID: 0xff
[1;32muart:~$ [m[8D[J[DEVICE]: CF:4C:9E:8A:91:6D (random), AD evt type 0, RSSI -82 Olivia’s Hatch C:1 S:1 D:0 SR:0 E:0 Prim: LE 1M, Secn: No packets, Interval: 0x0000 (0 us), SID: 0xff
[1;32muart:~$ [m[8D[J[DEVICE]: CF:4C:9E:8A:91:6D (random), AD evt type 4, RSSI -78  C:0 S:1 D:0 SR:1 E:0 Prim: LE 1M, Secn: No packets, Interval: 0x0000 (0 us), SID: 0xff
[1;32muart:~$ [m[8D[J[DEVICE]: CF:4C:9E:8A:91:6D (random), AD evt type 0, RSSI -81 Olivia’s Hatch C:1 S:1 D:0 SR:0 E:0 Prim: LE 1M, Secn: No packets, Interval: 0x0000 (0 us), SID: 0xff
[1;32muart:~$ [m[8D[J[DEVICE]: CF:4C:9E:8A:91:6D (random), AD evt type 4, RSSI -81  C:0 S:1 D:0 SR:1 E:0 Prim: LE 1M, Secn: No packets, Interval: 0x0000 (0 us), SID: 0xff
[1;32muart:~$ [m[8D[J[DEVICE]: 88:6B:0F:C1:6A:91 (public), AD evt type 0, RSSI -100  C:1 S:1 D:0 SR:0 E:0 Prim: LE 1M, Secn: No packets, Interval: 0x0000 (0 us), SID: 0xff
[1;32muart:~$ [m[8D[J[DEVICE]: 20:07:AD:FC:A7:86 (random), AD evt type 3, RSSI -72  C:0 S:0 D:0 SR:0 E:0 Prim: LE 1M, Secn: No packets, Interval: 0x0000 (0 us), SID: 0xff
[1;32muart:~$ [m[8D[J[DEVICE]: CF:4C:9E:8A:91:6D (random), AD evt type 0, RSSI -81 Olivia’s Hatch C:1 S:1 D:0 SR:0 E:0 Prim: LE 1M, Secn: No packets, Interval: 0x0000 (0 us), SID: 0xff
[1;32muart:~$ [m[8D[J[DEVICE]: CF:4C:9E:8A:91:6D (random), AD evt type 4, RSSI -81  C:0 S:1 D:0 SR:1 E:0 Prim: LE 1M, Secn: No packets, Interval: 0x0000 (0 us), SID: 0xff
[1;32muart:~$ [m[8D[J[DEVICE]: CF:4C:9E:8A:91:6D (random), AD evt type 0, RSSI -64 Olivia’s Hatch C:1 S:1 D:0 SR:0 E:0 Prim: LE 1M, Secn: No packets, Interval: 0x0000 (0 us), SID: 0xff
[1;32muart:~$ [m[8D[J[DEVICE]: 88:6B:0F:C1:6A:91 (public), AD evt type 0, RSSI -89  C:1 S:1 D:0 SR:0 E:0 Prim: LE 1M, Secn: No packets, Interval: 0x0000 (0 us), SID: 0xff
[1;32muart:~$ [m[8D[J[DEVICE]: 63:6F:A9:40:4F:9C (random), AD evt type 2, RSSI -68  C:0 S:1 D:0 SR:0 E:0 Prim: LE 1M, Secn: No packets, Interval: 0x0000 (0 us), SID: 0xff
[1;32muart:~$ [m[8D[J[DEVICE]: CF:4C:9E:8A:91:6D (random), AD evt type 0, RSSI -66 Olivia’s Hatch C:1 S:1 D:0 SR:0 E:0 Prim: LE 1M, Secn: No packets, Interval: 0x0000 (0 us), SID: 0xff
[1;32muart:~$ [m[8D[J[DEVICE]: 88:6B:0F:C1:6A:91 (public), AD evt type 0, RSSI -99  C:1 S:1 D:0 SR:0 E:0 Prim: LE 1M, Secn: No packets, Interval: 0x0000 (0 us), SID: 0xff
[1;32muart:~$ [m[8D[J[DEVICE]: 63:6F:A9:40:4F:9C (random), AD evt type 2, RSSI -71  C:0 S:1 D:0 SR:0 E:0 Prim: LE 1M, Secn: No packets, Interval: 0x0000 (0 us), SID: 0xff
[1;32muart:~$ [m[8D[J[DEVICE]: 88:6B:0F:C1:6A:91 (public), AD evt type 0, RSSI -88  C:1 S:1 D:0 SR:0 E:0 Prim: LE 1M, Secn: No packets, Interval: 0x0000 (0 us), SID: 0xff
[1;32muart:~$ [m[8D[J[DEVICE]: CF:4C:9E:8A:91:6D (random), AD evt type 0, RSSI -67 Olivia’s Hatch C:1 S:1 D:0 SR:0 E:0 Prim: LE 1M, Secn: No packets, Interval: 0x0000 (0 us), SID: 0xff
[1;32muart:~$ [m[8D[J[DEVICE]: CB:F1:03:F8:FC:96 (random), AD evt type 0, RSSI -102 N03DJ C:1 S:1 D:0 SR:0 E:0 Prim: LE 1M, Secn: No packets, Interval: 0x0000 (0 us), SID: 0xff
[1;32muart:~$ [m[8D[J[DEVICE]: CF:4C:9E:8A:91:6D (random), AD evt type 0, RSSI -81 Olivia’s Hatch C:1 S:1 D:0 SR:0 E:0 Prim: LE 1M, Secn: No packets, Interval: 0x0000 (0 us), SID: 0xff
[1;32muart:~$ [m[8D[J[DEVICE]: FC:26:94:D7:DB:C9 (random), AD evt type 0, RSSI -103  C:1 S:1 D:0 SR:0 E:0 Prim: LE 1M, Secn: No packets, Interval: 0x0000 (0 us), SID: 0xff
[1;32muart:~$ [m[8D[J[DEVICE]: CF:4C:9E:8A:91:6D (random), AD evt type 0, RSSI -78 Olivia’s Hatch C:1 S:1 D:0 SR:0 E:0 Prim: LE 1M, Secn: No packets, Interval: 0x0000 (0 us), SID: 0xff
[1;32muart:~$ [m[8D[J[DEVICE]: CF:4C:9E:8A:91:6D (random), AD evt type 4, RSSI -78  C:0 S:1 D:0 SR:1 E:0 Prim: LE 1M, Secn: No packets, Interval: 0x0000 (0 us), SID: 0xff
[1;32muart:~$ [m[8D[J[DEVICE]: 88:6B:0F:C1:6A:91 (public), AD evt type 0, RSSI -90  C:1 S:1 D:0 SR:0 E:0 Prim: LE 1M, Secn: No packets, Interval: 0x0000 (0 us), SID: 0xff
[1;32muart:~$ [m[8D[J[DEVICE]: CF:4C:9E:8A:91:6D (random), AD evt type 0, RSSI -64 Olivia’s Hatch C:1 S:1 D:0 SR:0 E:0 Prim: LE 1M, Secn: No packets, Interval: 0x0000 (0 us), SID: 0xff
[1;32muart:~$ [m[8D[J[DEVICE]: 63:6F:A9:40:4F:9C (random), AD evt type 2, RSSI -77  C:0 S:1 D:0 SR:0 E:0 Prim: LE 1M, Secn: No packets, Interval: 0x0000 (0 us), SID: 0xff
[1;32muart:~$ [m[8D[J[DEVICE]: 88:6B:0F:C1:6A:91 (public), AD evt type 0, RSSI -93  C:1 S:1 D:0 SR:0 E:0 Prim: LE 1M, Secn: No packets, Interval: 0x0000 (0 us), SID: 0xff
[1;32muart:~$ [m[8D[J[DEVICE]: 88:6B:0F:C1:6A:91 (public), AD evt type 0, RSSI -87  C:1 S:1 D:0 SR:0 E:0 Prim: LE 1M, Secn: No packets, Interval: 0x0000 (0 us), SID: 0xff
[1;32muart:~$ [m[8D[J[DEVICE]: CF:4C:9E:8A:91:6D (random), AD evt type 4, RSSI -80  C:0 S:1 D:0 SR:1 E:0 Prim: LE 1M, Secn: No packets, Interval: 0x0000 (0 us), SID: 0xff
[1;32muart:~$ [m[8D[J[DEVICE]: CF:4C:9E:8A:91:6D (random), AD evt type 0, RSSI -82 Olivia’s Hatch C:1 S:1 D:0 SR:0 E:0 Prim: LE 1M, Secn: No packets, Interval: 0x0000 (0 us), SID: 0xff
[1;32muart:~$ [m[8D[J[DEVICE]: CF:4C:9E:8A:91:6D (random), AD evt type 4, RSSI -82  C:0 S:1 D:0 SR:1 E:0 Prim: LE 1M, Secn: No packets, Interval: 0x0000 (0 us), SID: 0xff
[1;32muart:~$ [m[8D[J[DEVICE]: 88:6B:0F:C1:6A:91 (public), AD evt type 0, RSSI -90  C:1 S:1 D:0 SR:0 E:0 Prim: LE 1M, Secn: No packets, Interval: 0x0000 (0 us), SID: 0xff
[1;32muart:~$ [m[8D[J[DEVICE]: CF:4C:9E:8A:91:6D (random), AD evt type 0, RSSI -80 Olivia’s Hatch C:1 S:1 D:0 SR:0 E:0 Prim: LE 1M, Secn: No packets, Interval: 0x0000 (0 us), SID: 0xff
[1;32muart:~$ [m[8D[J[DEVICE]: 88:6B:0F:C1:6A:91 (public), AD evt type 0, RSSI -89  C:1 S:1 D:0 SR:0 E:0 Prim: LE 1M, Secn: No packets, Interval: 0x0000 (0 us), SID: 0xff
[1;32muart:~$ [m[8D[J[DEVICE]: CF:4C:9E:8A:91:6D (random), AD evt type 4, RSSI -82  C:0 S:1 D:0 SR:1 E:0 Prim: LE 1M, Secn: No packets, Interval: 0x0000 (0 us), SID: 0xff
[1;32muart:~$ [m[8D[J[DEVICE]: CF:4C:9E:8A:91:6D (random), AD evt type 0, RSSI -64 Olivia’s Hatch C:1 S:1 D:0 SR:0 E:0 Prim: LE 1M, Secn: No packets, Interval: 0x0000 (0 us), SID: 0xff
[1;32muart:~$ [m[8D[J[DEVICE]: 88:6B:0F:C1:6A:91 (public), AD evt type 0, RSSI -89  C:1 S:1 D:0 SR:0 E:0 Prim: LE 1M, Secn: No packets, Interval: 0x0000 (0 us), SID: 0xff
[1;32muart:~$ [m[8D[J[DEVICE]: CF:4C:9E:8A:91:6D (random), AD evt type 0, RSSI -67 Olivia’s Hatch C:1 S:1 D:0 SR:0 E:0 Prim: LE 1M, Secn: No packets, Interval: 0x0000 (0 us), SID: 0xff
[1;32muart:~$ [m[8D[J[DEVICE]: CF:4C:9E:8A:91:6D (random), AD evt type 0, RSSI -82 Olivia’s Hatch C:1 S:1 D:0 SR:0 E:0 Prim: LE 1M, Secn: No packets, Interval: 0x0000 (0 us), SID: 0xff
[1;32muart:~$ [m[8D[J[DEVICE]: CF:4C:9E:8A:91:6D (random), AD evt type 4, RSSI -82  C:0 S:1 D:0 SR:1 E:0 Prim: LE 1M, Secn: No packets, Interval: 0x0000 (0 us), SID: 0xff
[1;32muart:~$ [m[8D[J[DEVICE]: CF:4C:9E:8A:91:6D (random), AD evt type 0, RSSI -67 Olivia’s Hatch C:1 S:1 D:0 SR:0 E:0 Prim: LE 1M, Secn: No packets, Interval: 0x0000 (0 us), SID: 0xff
[1;32muart:~$ [m[8D[J[DEVICE]: 88:6B:0F:C1:6A:91 (public), AD evt type 0, RSSI -100  C:1 S:1 D:0 SR:0 E:0 Prim: LE 1M, Secn: No packets, Interval: 0x0000 (0 us), SID: 0xff
[1;32muart:~$ [m[8D[J[DEVICE]: FA:80:CA:8D:32:4A (random), AD evt type 3, RSSI -73  C:0 S:0 D:0 SR:0 E:0 Prim: LE 1M, Secn: No packets, Interval: 0x0000 (0 us), SID: 0xff
[1;32muart:~$ [m[8D[J[DEVICE]: CF:4C:9E:8A:91:6D (random), AD evt type 4, RSSI -78  C:0 S:1 D:0 SR:1 E:0 Prim: LE 1M, Secn: No packets, Interval: 0x0000 (0 us), SID: 0xff
[1;32muart:~$ [m[8D[J[DEVICE]: 88:6B:0F:C1:6A:91 (public), AD evt type 0, RSSI -90  C:1 S:1 D:0 SR:0 E:0 Prim: LE 1M, Secn: No packets, Interval: 0x0000 (0 us), SID: 0xff
[1;32muart:~$ [m[8D[J[DEVICE]: 88:6B:0F:C1:6A:91 (public), AD evt type 0, RSSI -99  C:1 S:1 D:0 SR:0 E:0 Prim: LE 1M, Secn: No packets, Interval: 0x0000 (0 us), SID: 0xff
[1;32muart:~$ [m[8D[J[DEVICE]: 63:6F:A9:40:4F:9C (random), AD evt type 2, RSSI -71  C:0 S:1 D:0 SR:0 E:0 Prim: LE 1M, Secn: No packets, Interval: 0x0000 (0 us), SID: 0xff
[1;32muart:~$ [m[8D[J[DEVICE]: CF:4C:9E:8A:91:6D (random), AD evt type 0, RSSI -80 Olivia’s Hatch C:1 S:1 D:0 SR:0 E:0 Prim: LE 1M, Secn: No packets, Interval: 0x0000 (0 us), SID: 0xff
[1;32muart:~$ [m[8D[J[DEVICE]: CF:4C:9E:8A:91:6D (random), AD evt type 4, RSSI -79  C:0 S:1 D:0 SR:1 E:0 Prim: LE 1M, Secn: No packets, Interval: 0x0000 (0 us), SID: 0xff
[1;32muart:~$ [m[8D[J[DEVICE]: CF:4C:9E:8A:91:6D (random), AD evt type 0, RSSI -64 Olivia’s Hatch C:1 S:1 D:0 SR:0 E:0 Prim: LE 1M, Secn: No packets, Interval: 0x0000 (0 us), SID: 0xff
[1;32muart:~$ [m[8D[J[DEVICE]: CF:4C:9E:8A:91:6D (random), AD evt type 0, RSSI -81 Olivia’s Hatch C:1 S:1 D:0 SR:0 E:0 Prim: LE 1M, Secn: No packets, Interval: 0x0000 (0 us), SID: 0xff
[1;32muart:~$ [m[8D[J[DEVICE]: CF:4C:9E:8A:91:6D (random), AD evt type 4, RSSI -81  C:0 S:1 D:0 SR:1 E:0 Prim: LE 1M, Secn: No packets, Interval: 0x0000 (0 us), SID: 0xff
[1;32muart:~$ [m[8D[J[DEVICE]: CF:4C:9E:8A:91:6D (random), AD evt type 0, RSSI -82 Olivia’s Hatch C:1 S:1 D:0 SR:0 E:0 Prim: LE 1M, Secn: No packets, Interval: 0x0000 (0 us), SID: 0xff
[1;32muart:~$ [m[8D[J[DEVICE]: CF:4C:9E:8A:91:6D (random), AD evt type 0, RSSI -78 Olivia’s Hatch C:1 S:1 D:0 SR:0 E:0 Prim: LE 1M, Secn: No packets, Interval: 0x0000 (0 us), SID: 0xff
[1;32muart:~$ [m[8D[J[DEVICE]: 88:6B:0F:C1:6A:91 (public), AD evt type 0, RSSI -90  C:1 S:1 D:0 SR:0 E:0 Prim: LE 1M, Secn: No packets, Interval: 0x0000 (0 us), SID: 0xff
[1;32muart:~$ [m[8D[J[DEVICE]: FC:26:94:D7:DB:C9 (random), AD evt type 0, RSSI -92  C:1 S:1 D:0 SR:0 E:0 Prim: LE 1M, Secn: No packets, Interval: 0x0000 (0 us), SID: 0xff
[1;32muart:~$ [m[8D[J[DEVICE]: 88:6B:0F:C1:6A:91 (public), AD evt type 0, RSSI -99  C:1 S:1 D:0 SR:0 E:0 Prim: LE 1M, Secn: No packets, Interval: 0x0000 (0 us), SID: 0xff
[1;32muart:~$ [m[8D[J[DEVICE]: 88:6B:0F:C1:6A:91 (public), AD evt type 4, RSSI -102 SCHWINN 170/270 C:0 S:1 D:0 SR:1 E:0 Prim: LE 1M, Secn: No packets, Interval: 0x0000 (0 us), SID: 0xff
[1;32muart:~$ [m[8D[J[DEVICE]: CF:4C:9E:8A:91:6D (random), AD evt type 0, RSSI -79 Olivia’s Hatch C:1 S:1 D:0 SR:0 E:0 Prim: LE 1M, Secn: No packets, Interval: 0x0000 (0 us), SID: 0xff
[1;32muart:~$ [m[8D[J[DEVICE]: 88:6B:0F:C1:6A:91 (public), AD evt type 0, RSSI -89  C:1 S:1 D:0 SR:0 E:0 Prim: LE 1M, Secn: No packets, Interval: 0x0000 (0 us), SID: 0xff
[1;32muart:~$ [m[8D[J[DEVICE]: CF:4C:9E:8A:91:6D (random), AD evt type 0, RSSI -80 Olivia’s Hatch C:1 S:1 D:0 SR:0 E:0 Prim: LE 1M, Secn: No packets, Interval: 0x0000 (0 us), SID: 0xff
[1;32muart:~$ [m[8D[J[DEVICE]: CF:4C:9E:8A:91:6D (random), AD evt type 4, RSSI -80  C:0 S:1 D:0 SR:1 E:0 Prim: LE 1M, Secn: No packets, Interval: 0x0000 (0 us), SID: 0xff
[1;32muart:~$ [m[8D[J[DEVICE]: CF:4C:9E:8A:91:6D (random), AD evt type 0, RSSI -81 Olivia’s Hatch C:1 S:1 D:0 SR:0 E:0 Prim: LE 1M, Secn: No packets, Interval: 0x0000 (0 us), SID: 0xff
[1;32muart:~$ [m[8D[J[DEVICE]: CF:4C:9E:8A:91:6D (random), AD evt type 0, RSSI -79 Olivia’s Hatch C:1 S:1 D:0 SR:0 E:0 Prim: LE 1M, Secn: No packets, Interval: 0x0000 (0 us), SID: 0xff
[1;32muart:~$ [m[8D[J[DEVICE]: CF:4C:9E:8A:91:6D (random), AD evt type 4, RSSI -78  C:0 S:1 D:0 SR:1 E:0 Prim: LE 1M, Secn: No packets, Interval: 0x0000 (0 us), SID: 0xff
[1;32muart:~$ [m[8D[J[DEVICE]: CF:4C:9E:8A:91:6D (random), AD evt type 0, RSSI -81 Olivia’s Hatch C:1 S:1 D:0 SR:0 E:0 Prim: LE 1M, Secn: No packets, Interval: 0x0000 (0 us), SID: 0xff
[1;32muart:~$ [m[8D[J[DEVICE]: CF:4C:9E:8A:91:6D (random), AD evt type 4, RSSI -81  C:0 S:1 D:0 SR:1 E:0 Prim: LE 1M, Secn: No packets, Interval: 0x0000 (0 us), SID: 0xff
[1;32muart:~$ [m[8D[J[DEVICE]: 88:6B:0F:C1:6A:91 (public), AD evt type 0, RSSI -99  C:1 S:1 D:0 SR:0 E:0 Prim: LE 1M, Secn: No packets, Interval: 0x0000 (0 us), SID: 0xff
[1;32muart:~$ [m[8D[J[DEVICE]: CF:4C:9E:8A:91:6D (random), AD evt type 0, RSSI -71 Olivia’s Hatch C:1 S:1 D:0 SR:0 E:0 Prim: LE 1M, Secn: No packets, Interval: 0x0000 (0 us), SID: 0xff
[1;32muart:~$ [m[8D[J[DEVICE]: 20:07:AD:FC:A7:86 (random), AD evt type 3, RSSI -71  C:0 S:0 D:0 SR:0 E:0 Prim: LE 1M, Secn: No packets, Interval: 0x0000 (0 us), SID: 0xff
[1;32muart:~$ [m[8D[J[DEVICE]: CB:F1:03:F8:FC:96 (random), AD evt type 0, RSSI -101 N03DJ C:1 S:1 D:0 SR:0 E:0 Prim: LE 1M, Secn: No packets, Interval: 0x0000 (0 us), SID: 0xff
[1;32muart:~$ [m[8D[J[DEVICE]: 88:6B:0F:C1:6A:91 (public), AD evt type 0, RSSI -99  C:1 S:1 D:0 SR:0 E:0 Prim: LE 1M, Secn: No packets, Interval: 0x0000 (0 us), SID: 0xff
[1;32muart:~$ [m[8D[J[DEVICE]: 88:6B:0F:C1:6A:91 (public), AD evt type 4, RSSI -97 SCHWINN 170/270 C:0 S:1 D:0 SR:1 E:0 Prim: LE 1M, Secn: No packets, Interval: 0x0000 (0 us), SID: 0xff
[1;32muart:~$ [m[8D[J[DEVICE]: 88:6B:0F:C1:6A:91 (public), AD evt type 0, RSSI -89  C:1 S:1 D:0 SR:0 E:0 Prim: LE 1M, Secn: No packets, Interval: 0x0000 (0 us), SID: 0xff
[1;32muart:~$ [m[8D[J[DEVICE]: CF:4C:9E:8A:91:6D (random), AD evt type 0, RSSI -67 Olivia’s Hatch C:1 S:1 D:0 SR:0 E:0 Prim: LE 1M, Secn: No packets, Interval: 0x0000 (0 us), SID: 0xff
[1;32muart:~$ [m[8D[J[DEVICE]: 63:6F:A9:40:4F:9C (random), AD evt type 2, RSSI -80  C:0 S:1 D:0 SR:0 E:0 Prim: LE 1M, Secn: No packets, Interval: 0x0000 (0 us), SID: 0xff
[1;32muart:~$ [m[8D[J[DEVICE]: CF:4C:9E:8A:91:6D (random), AD evt type 4, RSSI -79  C:0 S:1 D:0 SR:1 E:0 Prim: LE 1M, Secn: No packets, Interval: 0x0000 (0 us), SID: 0xff
[1;32muart:~$ [m[8D[J[DEVICE]: CF:4C:9E:8A:91:6D (random), AD evt type 0, RSSI -68 Olivia’s Hatch C:1 S:1 D:0 SR:0 E:0 Prim: LE 1M, Secn: No packets, Interval: 0x0000 (0 us), SID: 0xff
[1;32muart:~$ [m[8D[J[DEVICE]: CF:4C:9E:8A:91:6D (random), AD evt type 0, RSSI -67 Olivia’s Hatch C:1 S:1 D:0 SR:0 E:0 Prim: LE 1M, Secn: No packets, Interval: 0x0000 (0 us), SID: 0xff
[1;32muart:~$ [m[8D[J[DEVICE]: 88:6B:0F:C1:6A:91 (public), AD evt type 0, RSSI -98  C:1 S:1 D:0 SR:0 E:0 Prim: LE 1M, Secn: No packets, Interval: 0x0000 (0 us), SID: 0xff
[1;32muart:~$ [m[8D[J[DEVICE]: CF:4C:9E:8A:91:6D (random), AD evt type 4, RSSI -81  C:0 S:1 D:0 SR:1 E:0 Prim: LE 1M, Secn: No packets, Interval: 0x0000 (0 us), SID: 0xff
[1;32muart:~$ [m[8D[J[DEVICE]: 63:6F:A9:40:4F:9C (random), AD evt type 2, RSSI -88  C:0 S:1 D:0 SR:0 E:0 Prim: LE 1M, Secn: No packets, Interval: 0x0000 (0 us), SID: 0xff
[1;32muart:~$ [m[8D[J[DEVICE]: CF:4C:9E:8A:91:6D (random), AD evt type 0, RSSI -64 Olivia’s Hatch C:1 S:1 D:0 SR:0 E:0 Prim: LE 1M, Secn: No packets, Interval: 0x0000 (0 us), SID: 0xff
[1;32muart:~$ [m[8D[J[DEVICE]: 88:6B:0F:C1:6A:91 (public), AD evt type 0, RSSI -98  C:1 S:1 D:0 SR:0 E:0 Prim: LE 1M, Secn: No packets, Interval: 0x0000 (0 us), SID: 0xff
[1;32muart:~$ [m[8D[J[DEVICE]: 88:6B:0F:C1:6A:91 (public), AD evt type 4, RSSI -101 SCHWINN 170/270 C:0 S:1 D:0 SR:1 E:0 Prim: LE 1M, Secn: No packets, Interval: 0x0000 (0 us), SID: 0xff
[1;32muart:~$ [m[8D[J[DEVICE]: 88:6B:0F:C1:6A:91 (public), AD evt type 0, RSSI -90  C:1 S:1 D:0 SR:0 E:0 Prim: LE 1M, Secn: No packets, Interval: 0x0000 (0 us), SID: 0xff
[1;32muart:~$ [m[8D[J[DEVICE]: 88:6B:0F:C1:6A:91 (public), AD evt type 0, RSSI -100  C:1 S:1 D:0 SR:0 E:0 Prim: LE 1M, Secn: No packets, Interval: 0x0000 (0 us), SID: 0xff
[1;32muart:~$ [m[8D[J[DEVICE]: CF:4C:9E:8A:91:6D (random), AD evt type 0, RSSI -80 Olivia’s Hatch C:1 S:1 D:0 SR:0 E:0 Prim: LE 1M, Secn: No packets, Interval: 0x0000 (0 us), SID: 0xff
[1;32muart:~$ [m[8D[J[DEVICE]: CF:4C:9E:8A:91:6D (random), AD evt type 0, RSSI -71 Olivia’s Hatch C:1 S:1 D:0 SR:0 E:0 Prim: LE 1M, Secn: No packets, Interval: 0x0000 (0 us), SID: 0xff
[1;32muart:~$ [m[8D[J[DEVICE]: CF:4C:9E:8A:91:6D (random), AD evt type 0, RSSI -79 Olivia’s Hatch C:1 S:1 D:0 SR:0 E:0 Prim: LE 1M, Secn: No packets, Interval: 0x0000 (0 us), SID: 0xff
[1;32muart:~$ [m[8D[J[DEVICE]: CF:4C:9E:8A:91:6D (random), AD evt type 0, RSSI -80 Olivia’s Hatch C:1 S:1 D:0 SR:0 E:0 Prim: LE 1M, Secn: No packets, Interval: 0x0000 (0 us), SID: 0xff
[1;32muart:~$ [m[8D[J[DEVICE]: CF:4C:9E:8A:91:6D (random), AD evt type 4, RSSI -80  C:0 S:1 D:0 SR:1 E:0 Prim: LE 1M, Secn: No packets, Interval: 0x0000 (0 us), SID: 0xff
[1;32muart:~$ [m[8D[J[DEVICE]: CF:4C:9E:8A:91:6D (random), AD evt type 4, RSSI -81  C:0 S:1 D:0 SR:1 E:0 Prim: LE 1M, Secn: No packets, Interval: 0x0000 (0 us), SID: 0xff
[1;32muart:~$ [m[8D[J[DEVICE]: CF:4C:9E:8A:91:6D (random), AD evt type 0, RSSI -81 Olivia’s Hatch C:1 S:1 D:0 SR:0 E:0 Prim: LE 1M, Secn: No packets, Interval: 0x0000 (0 us), SID: 0xff
[1;32muart:~$ [m[8D[J[DEVICE]: CF:4C:9E:8A:91:6D (random), AD evt type 0, RSSI -80 Olivia’s Hatch C:1 S:1 D:0 SR:0 E:0 Prim: LE 1M, Secn: No packets, Interval: 0x0000 (0 us), SID: 0xff
[1;32muart:~$ [m[8D[J[DEVICE]: CF:4C:9E:8A:91:6D (random), AD evt type 4, RSSI -82  C:0 S:1 D:0 SR:1 E:0 Prim: LE 1M, Secn: No packets, Interval: 0x0000 (0 us), SID: 0xff
[1;32muart:~$ [m[8D[J[DEVICE]: 63:6F:A9:40:4F:9C (random), AD evt type 2, RSSI -83  C:0 S:1 D:0 SR:0 E:0 Prim: LE 1M, Secn: No packets, Interval: 0x0000 (0 us), SID: 0xff
[1;32muart:~$ [m[8D[J[DEVICE]: CF:4C:9E:8A:91:6D (random), AD evt type 0, RSSI -67 Olivia’s Hatch C:1 S:1 D:0 SR:0 E:0 Prim: LE 1M, Secn: No packets, Interval: 0x0000 (0 us), SID: 0xff
[1;32muart:~$ [m[8D[J[DEVICE]: 88:6B:0F:C1:6A:91 (public), AD evt type 0, RSSI -100  C:1 S:1 D:0 SR:0 E:0 Prim: LE 1M, Secn: No packets, Interval: 0x0000 (0 us), SID: 0xff
[1;32muart:~$ [m[8D[J[DEVICE]: 88:6B:0F:C1:6A:91 (public), AD evt type 4, RSSI -99 SCHWINN 170/270 C:0 S:1 D:0 SR:1 E:0 Prim: LE 1M, Secn: No packets, Interval: 0x0000 (0 us), SID: 0xff
[1;32muart:~$ [m[8D[J[DEVICE]: CF:4C:9E:8A:91:6D (random), AD evt type 0, RSSI -68 Olivia’s Hatch C:1 S:1 D:0 SR:0 E:0 Prim: LE 1M, Secn: No packets, Interval: 0x0000 (0 us), SID: 0xff
[1;32muart:~$ [m[8D[J[DEVICE]: 88:6B:0F:C1:6A:91 (public), AD evt type 0, RSSI -89  C:1 S:1 D:0 SR:0 E:0 Prim: LE 1M, Secn: No packets, Interval: 0x0000 (0 us), SID: 0xff
[1;32muart:~$ [m[8D[J[DEVICE]: 63:6F:A9:40:4F:9C (random), AD evt type 2, RSSI -81  C:0 S:1 D:0 SR:0 E:0 Prim: LE 1M, Secn: No packets, Interval: 0x0000 (0 us), SID: 0xff
[1;32muart:~$ [m[8D[J[DEVICE]: 88:6B:0F:C1:6A:91 (public), AD evt type 0, RSSI -99  C:1 S:1 D:0 SR:0 E:0 Prim: LE 1M, Secn: No packets, Interval: 0x0000 (0 us), SID: 0xff
[1;32muart:~$ [m[8D[J[DEVICE]: 88:6B:0F:C1:6A:91 (public), AD evt type 4, RSSI -102 SCHWINN 170/270 C:0 S:1 D:0 SR:1 E:0 Prim: LE 1M, Secn: No packets, Interval: 0x0000 (0 us), SID: 0xff
[1;32muart:~$ [m[8D[J[DEVICE]: CF:4C:9E:8A:91:6D (random), AD evt type 0, RSSI -81 Olivia’s Hatch C:1 S:1 D:0 SR:0 E:0 Prim: LE 1M, Secn: No packets, Interval: 0x0000 (0 us), SID: 0xff
[1;32muart:~$ [m[8D[J[DEVICE]: CF:4C:9E:8A:91:6D (random), AD evt type 4, RSSI -81  C:0 S:1 D:0 SR:1 E:0 Prim: LE 1M, Secn: No packets, Interval: 0x0000 (0 us), SID: 0xff
[1;32muart:~$ [m[8D[J[DEVICE]: CF:4C:9E:8A:91:6D (random), AD evt type 0, RSSI -64 Olivia’s Hatch C:1 S:1 D:0 SR:0 E:0 Prim: LE 1M, Secn: No packets, Interval: 0x0000 (0 us), SID: 0xff
[1;32muart:~$ [m[8D[J[DEVICE]: 20:07:AD:FC:A7:86 (random), AD evt type 3, RSSI -57  C:0 S:0 D:0 SR:0 E:0 Prim: LE 1M, Secn: No packets, Interval: 0x0000 (0 us), SID: 0xff
[1;32muart:~$ [m[8D[J[DEVICE]: CF:4C:9E:8A:91:6D (random), AD evt type 0, RSSI -80 Olivia’s Hatch C:1 S:1 D:0 SR:0 E:0 Prim: LE 1M, Secn: No packets, Interval: 0x0000 (0 us), SID: 0xff
[1;32muart:~$ [m[8D[J[DEVICE]: 88:6B:0F:C1:6A:91 (public), AD evt type 0, RSSI -98  C:1 S:1 D:0 SR:0 E:0 Prim: LE 1M, Secn: No packets, Interval: 0x0000 (0 us), SID: 0xff
[1;32muart:~$ [m[8D[J[DEVICE]: CF:4C:9E:8A:91:6D (random), AD evt type 0, RSSI -81 Olivia’s Hatch C:1 S:1 D:0 SR:0 E:0 Prim: LE 1M, Secn: No packets, Interval: 0x0000 (0 us), SID: 0xff
[1;32muart:~$ [m[8D[J[DEVICE]: CF:4C:9E:8A:91:6D (random), AD evt type 0, RSSI -64 Olivia’s Hatch C:1 S:1 D:0 SR:0 E:0 Prim: LE 1M, Secn: No packets, Interval: 0x0000 (0 us), SID: 0xff
[1;32muart:~$ [m[8D[J[DEVICE]: CF:4C:9E:8A:91:6D (random), AD evt type 0, RSSI -67 Olivia’s Hatch C:1 S:1 D:0 SR:0 E:0 Prim: LE 1M, Secn: No packets, Interval: 0x0000 (0 us), SID: 0xff
[1;32muart:~$ [m[8D[J[DEVICE]: CF:4C:9E:8A:91:6D (random), AD evt type 0, RSSI -68 Olivia’s Hatch C:1 S:1 D:0 SR:0 E:0 Prim: LE 1M, Secn: No packets, Interval: 0x0000 (0 us), SID: 0xff
[1;32muart:~$ [m[8D[J[DEVICE]: CF:4C:9E:8A:91:6D (random), AD evt type 0, RSSI -64 Olivia’s Hatch C:1 S:1 D:0 SR:0 E:0 Prim: LE 1M, Secn: No packets, Interval: 0x0000 (0 us), SID: 0xff
[1;32muart:~$ [m[8D[J[DEVICE]: 63:6F:A9:40:4F:9C (random), AD evt type 2, RSSI -80  C:0 S:1 D:0 SR:0 E:0 Prim: LE 1M, Secn: No packets, Interval: 0x0000 (0 us), SID: 0xff
[1;32muart:~$ [m[8D[J[DEVICE]: 63:6F:A9:40:4F:9C (random), AD evt type 4, RSSI -81  C:0 S:1 D:0 SR:1 E:0 Prim: LE 1M, Secn: No packets, Interval: 0x0000 (0 us), SID: 0xff
[1;32muart:~$ [m[8D[J[DEVICE]: 88:6B:0F:C1:6A:91 (public), AD evt type 0, RSSI -93  C:1 S:1 D:0 SR:0 E:0 Prim: LE 1M, Secn: No packets, Interval: 0x0000 (0 us), SID: 0xff
[1;32muart:~$ [m[8D[J[DEVICE]: CF:4C:9E:8A:91:6D (random), AD evt type 4, RSSI -79  C:0 S:1 D:0 SR:1 E:0 Prim: LE 1M, Secn: No packets, Interval: 0x0000 (0 us), SID: 0xff
[1;32muart:~$ [m[8D[J[DEVICE]: CF:4C:9E:8A:91:6D (random), AD evt type 0, RSSI -80 Olivia’s Hatch C:1 S:1 D:0 SR:0 E:0 Prim: LE 1M, Secn: No packets, Interval: 0x0000 (0 us), SID: 0xff
[1;32muart:~$ [m[8D[J[DEVICE]: 63:6F:A9:40:4F:9C (random), AD evt type 2, RSSI -83  C:0 S:1 D:0 SR:0 E:0 Prim: LE 1M, Secn: No packets, Interval: 0x0000 (0 us), SID: 0xff
[1;32muart:~$ [m[8D[J[DEVICE]: 63:6F:A9:40:4F:9C (random), AD evt type 4, RSSI -84  C:0 S:1 D:0 SR:1 E:0 Prim: LE 1M, Secn: No packets, Interval: 0x0000 (0 us), SID: 0xff
[1;32muart:~$ [m[8D[J[DEVICE]: 88:6B:0F:C1:6A:91 (public), AD evt type 0, RSSI -99  C:1 S:1 D:0 SR:0 E:0 Prim: LE 1M, Secn: No packets, Interval: 0x0000 (0 us), SID: 0xff
[1;32muart:~$ [m[8D[J[DEVICE]: CF:4C:9E:8A:91:6D (random), AD evt type 0, RSSI -80 Olivia’s Hatch C:1 S:1 D:0 SR:0 E:0 Prim: LE 1M, Secn: No packets, Interval: 0x0000 (0 us), SID: 0xff
[1;32muart:~$ [m[8D[J[DEVICE]: CF:4C:9E:8A:91:6D (random), AD evt type 0, RSSI -66 Olivia’s Hatch C:1 S:1 D:0 SR:0 E:0 Prim: LE 1M, Secn: No packets, Interval: 0x0000 (0 us), SID: 0xff
[1;32muart:~$ [m[8D[J[DEVICE]: CF:4C:9E:8A:91:6D (random), AD evt type 0, RSSI -65 Olivia’s Hatch C:1 S:1 D:0 SR:0 E:0 Prim: LE 1M, Secn: No packets, Interval: 0x0000 (0 us), SID: 0xff
[1;32muart:~$ [m[8D[J[DEVICE]: 20:07:AD:FC:A7:86 (random), AD evt type 3, RSSI -80  C:0 S:0 D:0 SR:0 E:0 Prim: LE 1M, Secn: No packets, Interval: 0x0000 (0 us), SID: 0xff
[1;32muart:~$ [m[8D[J[DEVICE]: 63:6F:A9:40:4F:9C (random), AD evt type 2, RSSI -81  C:0 S:1 D:0 SR:0 E:0 Prim: LE 1M, Secn: No packets, Interval: 0x0000 (0 us), SID: 0xff
[1;32muart:~$ [m[8D[J[DEVICE]: 63:6F:A9:40:4F:9C (random), AD evt type 4, RSSI -82  C:0 S:1 D:0 SR:1 E:0 Prim: LE 1M, Secn: No packets, Interval: 0x0000 (0 us), SID: 0xff
[1;32muart:~$ [m[8D[J[DEVICE]: 88:6B:0F:C1:6A:91 (public), AD evt type 0, RSSI -91  C:1 S:1 D:0 SR:0 E:0 Prim: LE 1M, Secn: No packets, Interval: 0x0000 (0 us), SID: 0xff
[1;32muart:~$ [m[8D[J[DEVICE]: 88:6B:0F:C1:6A:91 (public), AD evt type 0, RSSI -93  C:1 S:1 D:0 SR:0 E:0 Prim: LE 1M, Secn: No packets, Interval: 0x0000 (0 us), SID: 0xff
[1;32muart:~$ [m[8D[J[DEVICE]: 63:6F:A9:40:4F:9C (random), AD evt type 2, RSSI -79  C:0 S:1 D:0 SR:0 E:0 Prim: LE 1M, Secn: No packets, Interval: 0x0000 (0 us), SID: 0xff
[1;32muart:~$ [m[8D[J[DEVICE]: 63:6F:A9:40:4F:9C (random), AD evt type 4, RSSI -80  C:0 S:1 D:0 SR:1 E:0 Prim: LE 1M, Secn: No packets, Interval: 0x0000 (0 us), SID: 0xff
[1;32muart:~$ [m[8D[J[DEVICE]: CF:4C:9E:8A:91:6D (random), AD evt type 0, RSSI -79 Olivia’s Hatch C:1 S:1 D:0 SR:0 E:0 Prim: LE 1M, Secn: No packets, Interval: 0x0000 (0 us), SID: 0xff
[1;32muart:~$ [m[8D[J[DEVICE]: CF:4C:9E:8A:91:6D (random), AD evt type 4, RSSI -79  C:0 S:1 D:0 SR:1 E:0 Prim: LE 1M, Secn: No packets, Interval: 0x0000 (0 us), SID: 0xff
[1;32muart:~$ [m[8D[J[DEVICE]: CF:4C:9E:8A:91:6D (random), AD evt type 0, RSSI -66 Olivia’s Hatch C:1 S:1 D:0 SR:0 E:0 Prim: LE 1M, Secn: No packets, Interval: 0x0000 (0 us), SID: 0xff
[1;32muart:~$ [m[8D[J[DEVICE]: CF:4C:9E:8A:91:6D (random), AD evt type 0, RSSI -79 Olivia’s Hatch C:1 S:1 D:0 SR:0 E:0 Prim: LE 1M, Secn: No packets, Interval: 0x0000 (0 us), SID: 0xff
[1;32muart:~$ [m[8D[J[DEVICE]: CF:4C:9E:8A:91:6D (random), AD evt type 4, RSSI -79  C:0 S:1 D:0 SR:1 E:0 Prim: LE 1M, Secn: No packets, Interval: 0x0000 (0 us), SID: 0xff
[1;32muart:~$ [m[8D[J[DEVICE]: CF:4C:9E:8A:91:6D (random), AD evt type 4, RSSI -79  C:0 S:1 D:0 SR:1 E:0 Prim: LE 1M, Secn: No packets, Interval: 0x0000 (0 us), SID: 0xff
[1;32muart:~$ [m[8D[J[DEVICE]: CF:4C:9E:8A:91:6D (random), AD evt type 0, RSSI -78 Olivia’s Hatch C:1 S:1 D:0 SR:0 E:0 Prim: LE 1M, Secn: No packets, Interval: 0x0000 (0 us), SID: 0xff
[1;32muart:~$ [m[8D[J[DEVICE]: CF:4C:9E:8A:91:6D (random), AD evt type 0, RSSI -79 Olivia’s Hatch C:1 S:1 D:0 SR:0 E:0 Prim: LE 1M, Secn: No packets, Interval: 0x0000 (0 us), SID: 0xff
[1;32muart:~$ [m[8D[J[DEVICE]: 63:6F:A9:40:4F:9C (random), AD evt type 2, RSSI -65  C:0 S:1 D:0 SR:0 E:0 Prim: LE 1M, Secn: No packets, Interval: 0x0000 (0 us), SID: 0xff
[1;32muart:~$ [m[8D[J[DEVICE]: CF:4C:9E:8A:91:6D (random), AD evt type 0, RSSI -66 Olivia’s Hatch C:1 S:1 D:0 SR:0 E:0 Prim: LE 1M, Secn: No packets, Interval: 0x0000 (0 us), SID: 0xff
[1;32muart:~$ [m[8D[J[DEVICE]: CB:F1:03:F8:FC:96 (random), AD evt type 0, RSSI -98 N03DJ C:1 S:1 D:0 SR:0 E:0 Prim: LE 1M, Secn: No packets, Interval: 0x0000 (0 us), SID: 0xff
[1;32muart:~$ [m[8D[J[DEVICE]: CB:F1:03:F8:FC:96 (random), AD evt type 4, RSSI -102  C:0 S:1 D:0 SR:1 E:0 Prim: LE 1M, Secn: No packets, Interval: 0x0000 (0 us), SID: 0xff
[1;32muart:~$ [m[8D[J[DEVICE]: 63:6F:A9:40:4F:9C (random), AD evt type 2, RSSI -80  C:0 S:1 D:0 SR:0 E:0 Prim: LE 1M, Secn: No packets, Interval: 0x0000 (0 us), SID: 0xff
[1;32muart:~$ [m[8D[J[DEVICE]: 63:6F:A9:40:4F:9C (random), AD evt type 4, RSSI -80  C:0 S:1 D:0 SR:1 E:0 Prim: LE 1M, Secn: No packets, Interval: 0x0000 (0 us), SID: 0xff
[1;32muart:~$ [m[8D[J[DEVICE]: F9:3A:E3:E6:6A:10 (random), AD evt type 0, RSSI -68 N014B C:1 S:1 D:0 SR:0 E:0 Prim: LE 1M, Secn: No packets, Interval: 0x0000 (0 us), SID: 0xff
[1;32muart:~$ [m[8D[J[DEVICE]: CF:4C:9E:8A:91:6D (random), AD evt type 0, RSSI -65 Olivia’s Hatch C:1 S:1 D:0 SR:0 E:0 Prim: LE 1M, Secn: No packets, Interval: 0x0000 (0 us), SID: 0xff
[1;32muart:~$ [m[8D[J[DEVICE]: CF:4C:9E:8A:91:6D (random), AD evt type 4, RSSI -78  C:0 S:1 D:0 SR:1 E:0 Prim: LE 1M, Secn: No packets, Interval: 0x0000 (0 us), SID: 0xff
[1;32muart:~$ [m[8D[J[DEVICE]: CF:4C:9E:8A:91:6D (random), AD evt type 0, RSSI -63 Olivia’s Hatch C:1 S:1 D:0 SR:0 E:0 Prim: LE 1M, Secn: No packets, Interval: 0x0000 (0 us), SID: 0xff
[1;32muart:~$ [m[8D[J[DEVICE]: 88:6B:0F:C1:6A:91 (public), AD evt type 0, RSSI -101  C:1 S:1 D:0 SR:0 E:0 Prim: LE 1M, Secn: No packets, Interval: 0x0000 (0 us), SID: 0xff
[1;32muart:~$ [m[8D[J[DEVICE]: 88:6B:0F:C1:6A:91 (public), AD evt type 0, RSSI -93  C:1 S:1 D:0 SR:0 E:0 Prim: LE 1M, Secn: No packets, Interval: 0x0000 (0 us), SID: 0xff
[1;32muart:~$ [m[8D[J[DEVICE]: 88:6B:0F:C1:6A:91 (public), AD evt type 0, RSSI -99  C:1 S:1 D:0 SR:0 E:0 Prim: LE 1M, Secn: No packets, Interval: 0x0000 (0 us), SID: 0xff
[1;32muart:~$ [m[8D[J[DEVICE]: 88:6B:0F:C1:6A:91 (public), AD evt type 0, RSSI -103  C:1 S:1 D:0 SR:0 E:0 Prim: LE 1M, Secn: No packets, Interval: 0x0000 (0 us), SID: 0xff
[1;32muart:~$ [m[8D[J[DEVICE]: CF:4C:9E:8A:91:6D (random), AD evt type 4, RSSI -79  C:0 S:1 D:0 SR:1 E:0 Prim: LE 1M, Secn: No packets, Interval: 0x0000 (0 us), SID: 0xff
[1;32muart:~$ [m[8D[J[DEVICE]: CF:4C:9E:8A:91:6D (random), AD evt type 0, RSSI -66 Olivia’s Hatch C:1 S:1 D:0 SR:0 E:0 Prim: LE 1M, Secn: No packets, Interval: 0x0000 (0 us), SID: 0xff
[1;32muart:~$ [m[8D[J[DEVICE]: 88:6B:0F:C1:6A:91 (public), AD evt type 0, RSSI -90  C:1 S:1 D:0 SR:0 E:0 Prim: LE 1M, Secn: No packets, Interval: 0x0000 (0 us), SID: 0xff
[1;32muart:~$ [m[8D[J[DEVICE]: CF:4C:9E:8A:91:6D (random), AD evt type 0, RSSI -79 Olivia’s Hatch C:1 S:1 D:0 SR:0 E:0 Prim: LE 1M, Secn: No packets, Interval: 0x0000 (0 us), SID: 0xff
[1;32muart:~$ [m[8D[J[DEVICE]: CF:4C:9E:8A:91:6D (random), AD evt type 4, RSSI -79  C:0 S:1 D:0 SR:1 E:0 Prim: LE 1M, Secn: No packets, Interval: 0x0000 (0 us), SID: 0xff
[1;32muart:~$ [m[8D[J[DEVICE]: CF:4C:9E:8A:91:6D (random), AD evt type 0, RSSI -63 Olivia’s Hatch C:1 S:1 D:0 SR:0 E:0 Prim: LE 1M, Secn: No packets, Interval: 0x0000 (0 us), SID: 0xff
[1;32muart:~$ [m[8D[J[DEVICE]: CF:4C:9E:8A:91:6D (random), AD evt type 0, RSSI -79 Olivia’s Hatch C:1 S:1 D:0 SR:0 E:0 Prim: LE 1M, Secn: No packets, Interval: 0x0000 (0 us), SID: 0xff
[1;32muart:~$ [m[8D[J[DEVICE]: CF:4C:9E:8A:91:6D (random), AD evt type 0, RSSI -79 Olivia’s Hatch C:1 S:1 D:0 SR:0 E:0 Prim: LE 1M, Secn: No packets, Interval: 0x0000 (0 us), SID: 0xff
[1;32muart:~$ [m[8D[J[DEVICE]: CF:4C:9E:8A:91:6D (random), AD evt type 0, RSSI -77 Olivia’s Hatch C:1 S:1 D:0 SR:0 E:0 Prim: LE 1M, Secn: No packets, Interval: 0x0000 (0 us), SID: 0xff
[1;32muart:~$ [m[8D[J[DEVICE]: CF:4C:9E:8A:91:6D (random), AD evt type 4, RSSI -77  C:0 S:1 D:0 SR:1 E:0 Prim: LE 1M, Secn: No packets, Interval: 0x0000 (0 us), SID: 0xff
[1;32muart:~$ [m[8D[J[DEVICE]: CF:4C:9E:8A:91:6D (random), AD evt type 0, RSSI -79 Olivia’s Hatch C:1 S:1 D:0 SR:0 E:0 Prim: LE 1M, Secn: No packets, Interval: 0x0000 (0 us), SID: 0xff
[1;32muart:~$ [m[8D[J[DEVICE]: 88:6B:0F:C1:6A:91 (public), AD evt type 0, RSSI -90  C:1 S:1 D:0 SR:0 E:0 Prim: LE 1M, Secn: No packets, Interval: 0x0000 (0 us), SID: 0xff
[1;32muart:~$ [m[8D[J[DEVICE]: 63:6F:A9:40:4F:9C (random), AD evt type 4, RSSI -84  C:0 S:1 D:0 SR:1 E:0 Prim: LE 1M, Secn: No packets, Interval: 0x0000 (0 us), SID: 0xff
[1;32muart:~$ [m[8D[J[DEVICE]: 20:07:AD:FC:A7:86 (random), AD evt type 3, RSSI -77  C:0 S:0 D:0 SR:0 E:0 Prim: LE 1M, Secn: No packets, Interval: 0x0000 (0 us), SID: 0xff
[1;32muart:~$ [m[8D[J[DEVICE]: 88:6B:0F:C1:6A:91 (public), AD evt type 0, RSSI -101  C:1 S:1 D:0 SR:0 E:0 Prim: LE 1M, Secn: No packets, Interval: 0x0000 (0 us), SID: 0xff
[1;32muart:~$ [m[8D[J[DEVICE]: 53:D3:D3:DC:ED:83 (random), AD evt type 2, RSSI -91  C:0 S:1 D:0 SR:0 E:0 Prim: LE 1M, Secn: No packets, Interval: 0x0000 (0 us), SID: 0xff
[1;32muart:~$ [m[8D[J[DEVICE]: 88:6B:0F:C1:6A:91 (public), AD evt type 0, RSSI -89  C:1 S:1 D:0 SR:0 E:0 Prim: LE 1M, Secn: No packets, Interval: 0x0000 (0 us), SID: 0xff
[1;32muart:~$ [m[8D[J[DEVICE]: CF:4C:9E:8A:91:6D (random), AD evt type 0, RSSI -78 Olivia’s Hatch C:1 S:1 D:0 SR:0 E:0 Prim: LE 1M, Secn: No packets, Interval: 0x0000 (0 us), SID: 0xff
[1;32muart:~$ [m[8D[J[DEVICE]: CF:4C:9E:8A:91:6D (random), AD evt type 0, RSSI -64 Olivia’s Hatch C:1 S:1 D:0 SR:0 E:0 Prim: LE 1M, Secn: No packets, Interval: 0x0000 (0 us), SID: 0xff
[1;32muart:~$ [m[8D[J[DEVICE]: CF:4C:9E:8A:91:6D (random), AD evt type 0, RSSI -72 Olivia’s Hatch C:1 S:1 D:0 SR:0 E:0 Prim: LE 1M, Secn: No packets, Interval: 0x0000 (0 us), SID: 0xff
[1;32muart:~$ [m[8D[J[DEVICE]: FA:80:CA:8D:32:4A (random), AD evt type 3, RSSI -83  C:0 S:0 D:0 SR:0 E:0 Prim: LE 1M, Secn: No packets, Interval: 0x0000 (0 us), SID: 0xff
[1;32muart:~$ [m[8D[J[DEVICE]: CF:4C:9E:8A:91:6D (random), AD evt type 0, RSSI -82 Olivia’s Hatch C:1 S:1 D:0 SR:0 E:0 Prim: LE 1M, Secn: No packets, Interval: 0x0000 (0 us), SID: 0xff
[1;32muart:~$ [m[8D[J[DEVICE]: CF:4C:9E:8A:91:6D (random), AD evt type 4, RSSI -82  C:0 S:1 D:0 SR:1 E:0 Prim: LE 1M, Secn: No packets, Interval: 0x0000 (0 us), SID: 0xff
[1;32muart:~$ [m[8D[J[DEVICE]: CF:4C:9E:8A:91:6D (random), AD evt type 0, RSSI -66 Olivia’s Hatch C:1 S:1 D:0 SR:0 E:0 Prim: LE 1M, Secn: No packets, Interval: 0x0000 (0 us), SID: 0xff
[1;32muart:~$ [m[8D[J[DEVICE]: 88:6B:0F:C1:6A:91 (public), AD evt type 0, RSSI -89  C:1 S:1 D:0 SR:0 E:0 Prim: LE 1M, Secn: No packets, Interval: 0x0000 (0 us), SID: 0xff
[1;32muart:~$ [m[8D[J[DEVICE]: CB:F1:03:F8:FC:96 (random), AD evt type 0, RSSI -85 N03DJ C:1 S:1 D:0 SR:0 E:0 Prim: LE 1M, Secn: No packets, Interval: 0x0000 (0 us), SID: 0xff
[1;32muart:~$ [m[8D[J[DEVICE]: 88:6B:0F:C1:6A:91 (public), AD evt type 0, RSSI -101  C:1 S:1 D:0 SR:0 E:0 Prim: LE 1M, Secn: No packets, Interval: 0x0000 (0 us), SID: 0xff
[1;32muart:~$ [m[8D[J[DEVICE]: 88:6B:0F:C1:6A:91 (public), AD evt type 4, RSSI -99 SCHWINN 170/270 C:0 S:1 D:0 SR:1 E:0 Prim: LE 1M, Secn: No packets, Interval: 0x0000 (0 us), SID: 0xff
[1;32muart:~$ [m[8D[J[DEVICE]: F9:3A:E3:E6:6A:10 (random), AD evt type 0, RSSI -78 N014B C:1 S:1 D:0 SR:0 E:0 Prim: LE 1M, Secn: No packets, Interval: 0x0000 (0 us), SID: 0xff
[1;32muart:~$ [m[8D[J[DEVICE]: F9:3A:E3:E6:6A:10 (random), AD evt type 4, RSSI -78  C:0 S:1 D:0 SR:1 E:0 Prim: LE 1M, Secn: No packets, Interval: 0x0000 (0 us), SID: 0xff
[1;32muart:~$ [m[8D[J[DEVICE]: CF:4C:9E:8A:91:6D (random), AD evt type 0, RSSI -76 Olivia’s Hatch C:1 S:1 D:0 SR:0 E:0 Prim: LE 1M, Secn: No packets, Interval: 0x0000 (0 us), SID: 0xff
[1;32muart:~$ [m[8D[J[DEVICE]: CF:4C:9E:8A:91:6D (random), AD evt type 4, RSSI -76  C:0 S:1 D:0 SR:1 E:0 Prim: LE 1M, Secn: No packets, Interval: 0x0000 (0 us), SID: 0xff
[1;32muart:~$ [m[8D[J[DEVICE]: CF:4C:9E:8A:91:6D (random), AD evt type 0, RSSI -77 Olivia’s Hatch C:1 S:1 D:0 SR:0 E:0 Prim: LE 1M, Secn: No packets, Interval: 0x0000 (0 us), SID: 0xff
[1;32muart:~$ [m[8D[J[DEVICE]: CF:4C:9E:8A:91:6D (random), AD evt type 4, RSSI -77  C:0 S:1 D:0 SR:1 E:0 Prim: LE 1M, Secn: No packets, Interval: 0x0000 (0 us), SID: 0xff
[1;32muart:~$ [m[8D[J[DEVICE]: CF:4C:9E:8A:91:6D (random), AD evt type 0, RSSI -76 Olivia’s Hatch C:1 S:1 D:0 SR:0 E:0 Prim: LE 1M, Secn: No packets, Interval: 0x0000 (0 us), SID: 0xff
[1;32muart:~$ [m[8D[J[DEVICE]: CF:4C:9E:8A:91:6D (random), AD evt type 4, RSSI -76  C:0 S:1 D:0 SR:1 E:0 Prim: LE 1M, Secn: No packets, Interval: 0x0000 (0 us), SID: 0xff
[1;32muart:~$ [m[8D[J[DEVICE]: 63:6F:A9:40:4F:9C (random), AD evt type 2, RSSI -82  C:0 S:1 D:0 SR:0 E:0 Prim: LE 1M, Secn: No packets, Interval: 0x0000 (0 us), SID: 0xff
[1;32muart:~$ [m[8D[J[DEVICE]: 63:6F:A9:40:4F:9C (random), AD evt type 4, RSSI -84  C:0 S:1 D:0 SR:1 E:0 Prim: LE 1M, Secn: No packets, Interval: 0x0000 (0 us), SID: 0xff
[1;32muart:~$ [m[8D[J[DEVICE]: CF:4C:9E:8A:91:6D (random), AD evt type 0, RSSI -77 Olivia’s Hatch C:1 S:1 D:0 SR:0 E:0 Prim: LE 1M, Secn: No packets, Interval: 0x0000 (0 us), SID: 0xff
[1;32muart:~$ [m[8D[J[DEVICE]: CF:4C:9E:8A:91:6D (random), AD evt type 4, RSSI -79  C:0 S:1 D:0 SR:1 E:0 Prim: LE 1M, Secn: No packets, Interval: 0x0000 (0 us), SID: 0xff
[1;32muart:~$ [m[8D[J[DEVICE]: CF:4C:9E:8A:91:6D (random), AD evt type 0, RSSI -78 Olivia’s Hatch C:1 S:1 D:0 SR:0 E:0 Prim: LE 1M, Secn: No packets, Interval: 0x0000 (0 us), SID: 0xff
[1;32muart:~$ [m[8D[J[DEVICE]: CF:4C:9E:8A:91:6D (random), AD evt type 4, RSSI -78  C:0 S:1 D:0 SR:1 E:0 Prim: LE 1M, Secn: No packets, Interval: 0x0000 (0 us), SID: 0xff
[1;32muart:~$ [m[8D[J[DEVICE]: 88:6B:0F:C1:6A:91 (public), AD evt type 0, RSSI -87  C:1 S:1 D:0 SR:0 E:0 Prim: LE 1M, Secn: No packets, Interval: 0x0000 (0 us), SID: 0xff
[1;32muart:~$ [m[8D[J[DEVICE]: CF:4C:9E:8A:91:6D (random), AD evt type 0, RSSI -67 Olivia’s Hatch C:1 S:1 D:0 SR:0 E:0 Prim: LE 1M, Secn: No packets, Interval: 0x0000 (0 us), SID: 0xff
[1;32muart:~$ [m[8D[J[DEVICE]: FC:26:94:D7:DB:C9 (random), AD evt type 0, RSSI -87  C:1 S:1 D:0 SR:0 E:0 Prim: LE 1M, Secn: No packets, Interval: 0x0000 (0 us), SID: 0xff
[1;32muart:~$ [m[8D[J[DEVICE]: DE:CD:2F:5E:B6:C4 (public), AD evt type 0, RSSI -93  C:1 S:1 D:0 SR:0 E:0 Prim: LE 1M, Secn: No packets, Interval: 0x0000 (0 us), SID: 0xff
[1;32muart:~$ [m[8D[J[DEVICE]: 63:6F:A9:40:4F:9C (random), AD evt type 2, RSSI -79  C:0 S:1 D:0 SR:0 E:0 Prim: LE 1M, Secn: No packets, Interval: 0x0000 (0 us), SID: 0xff
[1;32muart:~$ [m[8D[J[DEVICE]: CF:4C:9E:8A:91:6D (random), AD evt type 0, RSSI -82 Olivia’s Hatch C:1 S:1 D:0 SR:0 E:0 Prim: LE 1M, Secn: No packets, Interval: 0x0000 (0 us), SID: 0xff
[1;32muart:~$ [m[8D[J[DEVICE]: CF:4C:9E:8A:91:6D (random), AD evt type 4, RSSI -81  C:0 S:1 D:0 SR:1 E:0 Prim: LE 1M, Secn: No packets, Interval: 0x0000 (0 us), SID: 0xff
[1;32muart:~$ [m[8D[J[DEVICE]: CF:4C:9E:8A:91:6D (random), AD evt type 0, RSSI -78 Olivia’s Hatch C:1 S:1 D:0 SR:0 E:0 Prim: LE 1M, Secn: No packets, Interval: 0x0000 (0 us), SID: 0xff
[1;32muart:~$ [m[8D[J[DEVICE]: CF:4C:9E:8A:91:6D (random), AD evt type 4, RSSI -78  C:0 S:1 D:0 SR:1 E:0 Prim: LE 1M, Secn: No packets, Interval: 0x0000 (0 us), SID: 0xff
[1;32muart:~$ [m[8D[J[DEVICE]: CF:4C:9E:8A:91:6D (random), AD evt type 0, RSSI -67 Olivia’s Hatch C:1 S:1 D:0 SR:0 E:0 Prim: LE 1M, Secn: No packets, Interval: 0x0000 (0 us), SID: 0xff
[1;32muart:~$ [m[8D[J[DEVICE]: CF:4C:9E:8A:91:6D (random), AD evt type 0, RSSI -68 Olivia’s Hatch C:1 S:1 D:0 SR:0 E:0 Prim: LE 1M, Secn: No packets, Interval: 0x0000 (0 us), SID: 0xff
[1;32muart:~$ [m[8D[J[DEVICE]: CF:4C:9E:8A:91:6D (random), AD evt type 4, RSSI -78  C:0 S:1 D:0 SR:1 E:0 Prim: LE 1M, Secn: No packets, Interval: 0x0000 (0 us), SID: 0xff
[1;32muart:~$ [m[8D[J[DEVICE]: CF:4C:9E:8A:91:6D (random), AD evt type 0, RSSI -80 Olivia’s Hatch C:1 S:1 D:0 SR:0 E:0 Prim: LE 1M, Secn: No packets, Interval: 0x0000 (0 us), SID: 0xff
[1;32muart:~$ [m[8D[J[DEVICE]: CF:4C:9E:8A:91:6D (random), AD evt type 4, RSSI -80  C:0 S:1 D:0 SR:1 E:0 Prim: LE 1M, Secn: No packets, Interval: 0x0000 (0 us), SID: 0xff
[1;32muart:~$ [m[8D[J[DEVICE]: 88:6B:0F:C1:6A:91 (public), AD evt type 0, RSSI -88  C:1 S:1 D:0 SR:0 E:0 Prim: LE 1M, Secn: No packets, Interval: 0x0000 (0 us), SID: 0xff
[1;32muart:~$ [m[8D[J[DEVICE]: 63:6F:A9:40:4F:9C (random), AD evt type 2, RSSI -64  C:0 S:1 D:0 SR:0 E:0 Prim: LE 1M, Secn: No packets, Interval: 0x0000 (0 us), SID: 0xff
[1;32muart:~$ [m[8D[J[DEVICE]: 88:6B:0F:C1:6A:91 (public), AD evt type 0, RSSI -89  C:1 S:1 D:0 SR:0 E:0 Prim: LE 1M, Secn: No packets, Interval: 0x0000 (0 us), SID: 0xff
[1;32muart:~$ [m[8D[J[DEVICE]: CF:4C:9E:8A:91:6D (random), AD evt type 0, RSSI -67 Olivia’s Hatch C:1 S:1 D:0 SR:0 E:0 Prim: LE 1M, Secn: No packets, Interval: 0x0000 (0 us), SID: 0xff
[1;32muart:~$ [m[8D[J[DEVICE]: CF:4C:9E:8A:91:6D (random), AD evt type 0, RSSI -64 Olivia’s Hatch C:1 S:1 D:0 SR:0 E:0 Prim: LE 1M, Secn: No packets, Interval: 0x0000 (0 us), SID: 0xff
[1;32muart:~$ [m[8D[J[DEVICE]: CF:4C:9E:8A:91:6D (random), AD evt type 0, RSSI -70 Olivia’s Hatch C:1 S:1 D:0 SR:0 E:0 Prim: LE 1M, Secn: No packets, Interval: 0x0000 (0 us), SID: 0xff
[1;32muart:~$ [m[8D[J[DEVICE]: 88:6B:0F:C1:6A:91 (public), AD evt type 0, RSSI -100  C:1 S:1 D:0 SR:0 E:0 Prim: LE 1M, Secn: No packets, Interval: 0x0000 (0 us), SID: 0xff
[1;32muart:~$ [m[8D[J[DEVICE]: CB:F1:03:F8:FC:96 (random), AD evt type 0, RSSI -101 N03DJ C:1 S:1 D:0 SR:0 E:0 Prim: LE 1M, Secn: No packets, Interval: 0x0000 (0 us), SID: 0xff
[1;32muart:~$ [m[8D[J[DEVICE]: 63:6F:A9:40:4F:9C (random), AD evt type 2, RSSI -76  C:0 S:1 D:0 SR:0 E:0 Prim: LE 1M, Secn: No packets, Interval: 0x0000 (0 us), SID: 0xff
[1;32muart:~$ [m[8D[J[DEVICE]: 63:6F:A9:40:4F:9C (random), AD evt type 4, RSSI -77  C:0 S:1 D:0 SR:1 E:0 Prim: LE 1M, Secn: No packets, Interval: 0x0000 (0 us), SID: 0xff
[1;32muart:~$ [m[8D[J[DEVICE]: 88:6B:0F:C1:6A:91 (public), AD evt type 0, RSSI -90  C:1 S:1 D:0 SR:0 E:0 Prim: LE 1M, Secn: No packets, Interval: 0x0000 (0 us), SID: 0xff
[1;32muart:~$ [m[8D[J[DEVICE]: CF:4C:9E:8A:91:6D (random), AD evt type 0, RSSI -64 Olivia’s Hatch C:1 S:1 D:0 SR:0 E:0 Prim: LE 1M, Secn: No packets, Interval: 0x0000 (0 us), SID: 0xff
[1;32muart:~$ [m[8D[J[DEVICE]: CF:4C:9E:8A:91:6D (random), AD evt type 0, RSSI -68 Olivia’s Hatch C:1 S:1 D:0 SR:0 E:0 Prim: LE 1M, Secn: No packets, Interval: 0x0000 (0 us), SID: 0xff
[1;32muart:~$ [m[8D[J[DEVICE]: CF:4C:9E:8A:91:6D (random), AD evt type 0, RSSI -79 Olivia’s Hatch C:1 S:1 D:0 SR:0 E:0 Prim: LE 1M, Secn: No packets, Interval: 0x0000 (0 us), SID: 0xff
[1;32muart:~$ [m[8D[J[DEVICE]: CF:4C:9E:8A:91:6D (random), AD evt type 4, RSSI -78  C:0 S:1 D:0 SR:1 E:0 Prim: LE 1M, Secn: No packets, Interval: 0x0000 (0 us), SID: 0xff
[1;32muart:~$ [m[8D[J[DEVICE]: 88:6B:0F:C1:6A:91 (public), AD evt type 0, RSSI -100  C:1 S:1 D:0 SR:0 E:0 Prim: LE 1M, Secn: No packets, Interval: 0x0000 (0 us), SID: 0xff
[1;32muart:~$ [m[8D[J[DEVICE]: CF:4C:9E:8A:91:6D (random), AD evt type 0, RSSI -76 Olivia’s Hatch C:1 S:1 D:0 SR:0 E:0 Prim: LE 1M, Secn: No packets, Interval: 0x0000 (0 us), SID: 0xff
[1;32muart:~$ [m[8D[J[DEVICE]: 88:6B:0F:C1:6A:91 (public), AD evt type 0, RSSI -98  C:1 S:1 D:0 SR:0 E:0 Prim: LE 1M, Secn: No packets, Interval: 0x0000 (0 us), SID: 0xff
[1;32muart:~$ [m[8D[J[DEVICE]: 88:6B:0F:C1:6A:91 (public), AD evt type 4, RSSI -101 SCHWINN 170/270 C:0 S:1 D:0 SR:1 E:0 Prim: LE 1M, Secn: No packets, Interval: 0x0000 (0 us), SID: 0xff
[1;32muart:~$ [m[8D[J[DEVICE]: CF:4C:9E:8A:91:6D (random), AD evt type 0, RSSI -68 Olivia’s Hatch C:1 S:1 D:0 SR:0 E:0 Prim: LE 1M, Secn: No packets, Interval: 0x0000 (0 us), SID: 0xff
[1;32muart:~$ [m[8D[J[DEVICE]: CF:4C:9E:8A:91:6D (random), AD evt type 0, RSSI -65 Olivia’s Hatch C:1 S:1 D:0 SR:0 E:0 Prim: LE 1M, Secn: No packets, Interval: 0x0000 (0 us), SID: 0xff
[1;32muart:~$ [m[8D[J[DEVICE]: 88:6B:0F:C1:6A:91 (public), AD evt type 0, RSSI -90  C:1 S:1 D:0 SR:0 E:0 Prim: LE 1M, Secn: No packets, Interval: 0x0000 (0 us), SID: 0xff
[1;32muart:~$ [m[8D[J[DEVICE]: 88:6B:0F:C1:6A:91 (public), AD evt type 0, RSSI -89  C:1 S:1 D:0 SR:0 E:0 Prim: LE 1M, Secn: No packets, Interval: 0x0000 (0 us), SID: 0xff
[1;32muart:~$ [m[8D[J[DEVICE]: 76:96:50:E1:7B:8B (random), AD evt type 0, RSSI -95  C:1 S:1 D:0 SR:0 E:0 Prim: LE 1M, Secn: No packets, Interval: 0x0000 (0 us), SID: 0xff
[1;32muart:~$ [m[8D[J[DEVICE]: CF:4C:9E:8A:91:6D (random), AD evt type 0, RSSI -64 Olivia’s Hatch C:1 S:1 D:0 SR:0 E:0 Prim: LE 1M, Secn: No packets, Interval: 0x0000 (0 us), SID: 0xff
[1;32muart:~$ [m[8D[J[DEVICE]: CF:4C:9E:8A:91:6D (random), AD evt type 0, RSSI -67 Olivia’s Hatch C:1 S:1 D:0 SR:0 E:0 Prim: LE 1M, Secn: No packets, Interval: 0x0000 (0 us), SID: 0xff
[1;32muart:~$ [m[8D[J[DEVICE]: CF:4C:9E:8A:91:6D (random), AD evt type 0, RSSI -78 Olivia’s Hatch C:1 S:1 D:0 SR:0 E:0 Prim: LE 1M, Secn: No packets, Interval: 0x0000 (0 us), SID: 0xff
[1;32muart:~$ [m[8D[J[DEVICE]: CF:4C:9E:8A:91:6D (random), AD evt type 4, RSSI -78  C:0 S:1 D:0 SR:1 E:0 Prim: LE 1M, Secn: No packets, Interval: 0x0000 (0 us), SID: 0xff
[1;32muart:~$ [m[8D[J[DEVICE]: CF:4C:9E:8A:91:6D (random), AD evt type 0, RSSI -63 Olivia’s Hatch C:1 S:1 D:0 SR:0 E:0 Prim: LE 1M, Secn: No packets, Interval: 0x0000 (0 us), SID: 0xff
[1;32muart:~$ [m[8D[J[DEVICE]: 88:6B:0F:C1:6A:91 (public), AD evt type 0, RSSI -101  C:1 S:1 D:0 SR:0 E:0 Prim: LE 1M, Secn: No packets, Interval: 0x0000 (0 us), SID: 0xff
[1;32muart:~$ [m[8D[J[DEVICE]: FA:80:CA:8D:32:4A (random), AD evt type 3, RSSI -76  C:0 S:0 D:0 SR:0 E:0 Prim: LE 1M, Secn: No packets, Interval: 0x0000 (0 us), SID: 0xff
[1;32muart:~$ [m[8D[J[DEVICE]: CF:4C:9E:8A:91:6D (random), AD evt type 0, RSSI -77 Olivia’s Hatch C:1 S:1 D:0 SR:0 E:0 Prim: LE 1M, Secn: No packets, Interval: 0x0000 (0 us), SID: 0xff
[1;32muart:~$ [m[8D[J[DEVICE]: CF:4C:9E:8A:91:6D (random), AD evt type 4, RSSI -77  C:0 S:1 D:0 SR:1 E:0 Prim: LE 1M, Secn: No packets, Interval: 0x0000 (0 us), SID: 0xff
[1;32muart:~$ [m[8D[J[DEVICE]: CF:4C:9E:8A:91:6D (random), AD evt type 0, RSSI -76 Olivia’s Hatch C:1 S:1 D:0 SR:0 E:0 Prim: LE 1M, Secn: No packets, Interval: 0x0000 (0 us), SID: 0xff
[1;32muart:~$ [m[8D[J[DEVICE]: CF:4C:9E:8A:91:6D (random), AD evt type 4, RSSI -76  C:0 S:1 D:0 SR:1 E:0 Prim: LE 1M, Secn: No packets, Interval: 0x0000 (0 us), SID: 0xff
[1;32muart:~$ [m[8D[J[DEVICE]: CF:4C:9E:8A:91:6D (random), AD evt type 0, RSSI -68 Olivia’s Hatch C:1 S:1 D:0 SR:0 E:0 Prim: LE 1M, Secn: No packets, Interval: 0x0000 (0 us), SID: 0xff
[1;32muart:~$ [m[8D[J[DEVICE]: CF:4C:9E:8A:91:6D (random), AD evt type 0, RSSI -78 Olivia’s Hatch C:1 S:1 D:0 SR:0 E:0 Prim: LE 1M, Secn: No packets, Interval: 0x0000 (0 us), SID: 0xff
[1;32muart:~$ [m[8D[J[DEVICE]: 63:6F:A9:40:4F:9C (random), AD evt type 4, RSSI -86  C:0 S:1 D:0 SR:1 E:0 Prim: LE 1M, Secn: No packets, Interval: 0x0000 (0 us), SID: 0xff
[1;32muart:~$ [m[8D[J[DEVICE]: 88:6B:0F:C1:6A:91 (public), AD evt type 0, RSSI -88  C:1 S:1 D:0 SR:0 E:0 Prim: LE 1M, Secn: No packets, Interval: 0x0000 (0 us), SID: 0xff
[1;32muart:~$ [m[8D[J[DEVICE]: CF:4C:9E:8A:91:6D (random), AD evt type 0, RSSI -63 Olivia’s Hatch C:1 S:1 D:0 SR:0 E:0 Prim: LE 1M, Secn: No packets, Interval: 0x0000 (0 us), SID: 0xff
[1;32muart:~$ [m[8D[J[DEVICE]: 88:6B:0F:C1:6A:91 (public), AD evt type 0, RSSI -100  C:1 S:1 D:0 SR:0 E:0 Prim: LE 1M, Secn: No packets, Interval: 0x0000 (0 us), SID: 0xff
[1;32muart:~$ [m[8D[J[DEVICE]: 63:6F:A9:40:4F:9C (random), AD evt type 2, RSSI -77  C:0 S:1 D:0 SR:0 E:0 Prim: LE 1M, Secn: No packets, Interval: 0x0000 (0 us), SID: 0xff
[1;32muart:~$ [m[8D[J[DEVICE]: 20:07:AD:FC:A7:86 (random), AD evt type 3, RSSI -78  C:0 S:0 D:0 SR:0 E:0 Prim: LE 1M, Secn: No packets, Interval: 0x0000 (0 us), SID: 0xff
[1;32muart:~$ [m[8D[J[DEVICE]: 88:6B:0F:C1:6A:91 (public), AD evt type 0, RSSI -89  C:1 S:1 D:0 SR:0 E:0 Prim: LE 1M, Secn: No packets, Interval: 0x0000 (0 us), SID: 0xff
[1;32muart:~$ [m[8D[J[DEVICE]: CF:CF:C4:DA:2D:23 (random), AD evt type 0, RSSI -91 N02Y0 C:1 S:1 D:0 SR:0 E:0 Prim: LE 1M, Secn: No packets, Interval: 0x0000 (0 us), SID: 0xff
[1;32muart:~$ [m[8D[J[DEVICE]: 88:6B:0F:C1:6A:91 (public), AD evt type 0, RSSI -99  C:1 S:1 D:0 SR:0 E:0 Prim: LE 1M, Secn: No packets, Interval: 0x0000 (0 us), SID: 0xff
[1;32muart:~$ [m[8D[J[DEVICE]: CF:4C:9E:8A:91:6D (random), AD evt type 0, RSSI -78 Olivia’s Hatch C:1 S:1 D:0 SR:0 E:0 Prim: LE 1M, Secn: No packets, Interval: 0x0000 (0 us), SID: 0xff
[1;32muart:~$ [m[8D[J[DEVICE]: CF:4C:9E:8A:91:6D (random), AD evt type 4, RSSI -78  C:0 S:1 D:0 SR:1 E:0 Prim: LE 1M, Secn: No packets, Interval: 0x0000 (0 us), SID: 0xff
[1;32muart:~$ [m[8D[J[DEVICE]: CF:4C:9E:8A:91:6D (random), AD evt type 0, RSSI -79 Olivia’s Hatch C:1 S:1 D:0 SR:0 E:0 Prim: LE 1M, Secn: No packets, Interval: 0x0000 (0 us), SID: 0xff
[1;32muart:~$ [m[8D[J[DEVICE]: CF:4C:9E:8A:91:6D (random), AD evt type 0, RSSI -63 Olivia’s Hatch C:1 S:1 D:0 SR:0 E:0 Prim: LE 1M, Secn: No packets, Interval: 0x0000 (0 us), SID: 0xff
[1;32muart:~$ [m[8D[J[DEVICE]: D6:CE:0E:2C:A0:0C (random), AD evt type 3, RSSI -95  C:0 S:0 D:0 SR:0 E:0 Prim: LE 1M, Secn: No packets, Interval: 0x0000 (0 us), SID: 0xff
[1;32muart:~$ [m[8D[J[DEVICE]: CB:F1:03:F8:FC:96 (random), AD evt type 0, RSSI -89 N03DJ C:1 S:1 D:0 SR:0 E:0 Prim: LE 1M, Secn: No packets, Interval: 0x0000 (0 us), SID: 0xff
[1;32muart:~$ [m[8D[J[DEVICE]: CF:4C:9E:8A:91:6D (random), AD evt type 4, RSSI -77  C:0 S:1 D:0 SR:1 E:0 Prim: LE 1M, Secn: No packets, Interval: 0x0000 (0 us), SID: 0xff
[1;32muart:~$ [m[8D[J[DEVICE]: CF:4C:9E:8A:91:6D (random), AD evt type 0, RSSI -80 Olivia’s Hatch C:1 S:1 D:0 SR:0 E:0 Prim: LE 1M, Secn: No packets, Interval: 0x0000 (0 us), SID: 0xff
[1;32muart:~$ [m[8D[J[DEVICE]: CF:4C:9E:8A:91:6D (random), AD evt type 0, RSSI -67 Olivia’s Hatch C:1 S:1 D:0 SR:0 E:0 Prim: LE 1M, Secn: No packets, Interval: 0x0000 (0 us), SID: 0xff
[1;32muart:~$ [m[8D[J[DEVICE]: F9:3A:E3:E6:6A:10 (random), AD evt type 0, RSSI -60 N014B C:1 S:1 D:0 SR:0 E:0 Prim: LE 1M, Secn: No packets, Interval: 0x0000 (0 us), SID: 0xff
[1;32muart:~$ [m[8D[J[DEVICE]: CF:4C:9E:8A:91:6D (random), AD evt type 0, RSSI -66 Olivia’s Hatch C:1 S:1 D:0 SR:0 E:0 Prim: LE 1M, Secn: No packets, Interval: 0x0000 (0 us), SID: 0xff
[1;32muart:~$ [m[8D[J[DEVICE]: 88:6B:0F:C1:6A:91 (public), AD evt type 0, RSSI -89  C:1 S:1 D:0 SR:0 E:0 Prim: LE 1M, Secn: No packets, Interval: 0x0000 (0 us), SID: 0xff
[1;32muart:~$ [m[8D[J[DEVICE]: DE:CD:2F:5E:B6:C4 (public), AD evt type 0, RSSI -92  C:1 S:1 D:0 SR:0 E:0 Prim: LE 1M, Secn: No packets, Interval: 0x0000 (0 us), SID: 0xff
[1;32muart:~$ [m[8D[J[DEVICE]: CF:4C:9E:8A:91:6D (random), AD evt type 0, RSSI -77 Olivia’s Hatch C:1 S:1 D:0 SR:0 E:0 Prim: LE 1M, Secn: No packets, Interval: 0x0000 (0 us), SID: 0xff
[1;32muart:~$ [m[8D[J[DEVICE]: CF:4C:9E:8A:91:6D (random), AD evt type 0, RSSI -77 Olivia’s Hatch C:1 S:1 D:0 SR:0 E:0 Prim: LE 1M, Secn: No packets, Interval: 0x0000 (0 us), SID: 0xff
[1;32muart:~$ [m[8D[J[DEVICE]: CF:4C:9E:8A:91:6D (random), AD evt type 4, RSSI -77  C:0 S:1 D:0 SR:1 E:0 Prim: LE 1M, Secn: No packets, Interval: 0x0000 (0 us), SID: 0xff
[1;32muart:~$ [m[8D[J[DEVICE]: CF:4C:9E:8A:91:6D (random), AD evt type 4, RSSI -80  C:0 S:1 D:0 SR:1 E:0 Prim: LE 1M, Secn: No packets, Interval: 0x0000 (0 us), SID: 0xff
[1;32muart:~$ [m[8D[J[DEVICE]: CF:4C:9E:8A:91:6D (random), AD evt type 0, RSSI -64 Olivia’s Hatch C:1 S:1 D:0 SR:0 E:0 Prim: LE 1M, Secn: No packets, Interval: 0x0000 (0 us), SID: 0xff
[1;32muart:~$ [m[8D[J[DEVICE]: CF:4C:9E:8A:91:6D (random), AD evt type 0, RSSI -64 Olivia’s Hatch C:1 S:1 D:0 SR:0 E:0 Prim: LE 1M, Secn: No packets, Interval: 0x0000 (0 us), SID: 0xff
[1;32muart:~$ [m[8D[J[DEVICE]: CF:4C:9E:8A:91:6D (random), AD evt type 0, RSSI -66 Olivia’s Hatch C:1 S:1 D:0 SR:0 E:0 Prim: LE 1M, Secn: No packets, Interval: 0x0000 (0 us), SID: 0xff
[1;32muart:~$ [m[8D[J[DEVICE]: CF:4C:9E:8A:91:6D (random), AD evt type 0, RSSI -77 Olivia’s Hatch C:1 S:1 D:0 SR:0 E:0 Prim: LE 1M, Secn: No packets, Interval: 0x0000 (0 us), SID: 0xff
[1;32muart:~$ [m[8D[J[DEVICE]: 63:6F:A9:40:4F:9C (random), AD evt type 2, RSSI -80  C:0 S:1 D:0 SR:0 E:0 Prim: LE 1M, Secn: No packets, Interval: 0x0000 (0 us), SID: 0xff
[1;32muart:~$ [m[8D[J[DEVICE]: 63:6F:A9:40:4F:9C (random), AD evt type 4, RSSI -80  C:0 S:1 D:0 SR:1 E:0 Prim: LE 1M, Secn: No packets, Interval: 0x0000 (0 us), SID: 0xff
[1;32muart:~$ [m[8D[J[DEVICE]: 88:6B:0F:C1:6A:91 (public), AD evt type 0, RSSI -99  C:1 S:1 D:0 SR:0 E:0 Prim: LE 1M, Secn: No packets, Interval: 0x0000 (0 us), SID: 0xff
[1;32muart:~$ [m[8D[J[DEVICE]: CF:4C:9E:8A:91:6D (random), AD evt type 4, RSSI -77  C:0 S:1 D:0 SR:1 E:0 Prim: LE 1M, Secn: No packets, Interval: 0x0000 (0 us), SID: 0xff
[1;32muart:~$ [m[8D[J[DEVICE]: DE:CD:2F:5E:B6:C4 (public), AD evt type 0, RSSI -102  C:1 S:1 D:0 SR:0 E:0 Prim: LE 1M, Secn: No packets, Interval: 0x0000 (0 us), SID: 0xff
[1;32muart:~$ [m[8D[J[DEVICE]: CF:4C:9E:8A:91:6D (random), AD evt type 4, RSSI -78  C:0 S:1 D:0 SR:1 E:0 Prim: LE 1M, Secn: No packets, Interval: 0x0000 (0 us), SID: 0xff
[1;32muart:~$ [m[8D[J[DEVICE]: CF:4C:9E:8A:91:6D (random), AD evt type 4, RSSI -78  C:0 S:1 D:0 SR:1 E:0 Prim: LE 1M, Secn: No packets, Interval: 0x0000 (0 us), SID: 0xff
[1;32muart:~$ [m[8D[J[DEVICE]: CF:4C:9E:8A:91:6D (random), AD evt type 0, RSSI -63 Olivia’s Hatch C:1 S:1 D:0 SR:0 E:0 Prim: LE 1M, Secn: No packets, Interval: 0x0000 (0 us), SID: 0xff
[1;32muart:~$ [m[8D[J[DEVICE]: 88:6B:0F:C1:6A:91 (public), AD evt type 0, RSSI -90  C:1 S:1 D:0 SR:0 E:0 Prim: LE 1M, Secn: No packets, Interval: 0x0000 (0 us), SID: 0xff
[1;32muart:~$ [m[8D[J[DEVICE]: CF:4C:9E:8A:91:6D (random), AD evt type 0, RSSI -63 Olivia’s Hatch C:1 S:1 D:0 SR:0 E:0 Prim: LE 1M, Secn: No packets, Interval: 0x0000 (0 us), SID: 0xff
[1;32muart:~$ [m[8D[J[DEVICE]: CF:4C:9E:8A:91:6D (random), AD evt type 0, RSSI -64 Olivia’s Hatch C:1 S:1 D:0 SR:0 E:0 Prim: LE 1M, Secn: No packets, Interval: 0x0000 (0 us), SID: 0xff
[1;32muart:~$ [m[8D[J[DEVICE]: CF:4C:9E:8A:91:6D (random), AD evt type 0, RSSI -66 Olivia’s Hatch C:1 S:1 D:0 SR:0 E:0 Prim: LE 1M, Secn: No packets, Interval: 0x0000 (0 us), SID: 0xff
[1;32muart:~$ [m[8D[J[DEVICE]: CF:4C:9E:8A:91:6D (random), AD evt type 0, RSSI -71 Olivia’s Hatch C:1 S:1 D:0 SR:0 E:0 Prim: LE 1M, Secn: No packets, Interval: 0x0000 (0 us), SID: 0xff
[1;32muart:~$ [m[8D[J[DEVICE]: 63:6F:A9:40:4F:9C (random), AD evt type 2, RSSI -66  C:0 S:1 D:0 SR:0 E:0 Prim: LE 1M, Secn: No packets, Interval: 0x0000 (0 us), SID: 0xff
[1;32muart:~$ [m[8D[J[DEVICE]: 88:6B:0F:C1:6A:91 (public), AD evt type 0, RSSI -91  C:1 S:1 D:0 SR:0 E:0 Prim: LE 1M, Secn: No packets, Interval: 0x0000 (0 us), SID: 0xff
[1;32muart:~$ [m[8D[J[DEVICE]: CF:4C:9E:8A:91:6D (random), AD evt type 0, RSSI -77 Olivia’s Hatch C:1 S:1 D:0 SR:0 E:0 Prim: LE 1M, Secn: No packets, Interval: 0x0000 (0 us), SID: 0xff
[1;32muart:~$ [m[8D[J[DEVICE]: CF:4C:9E:8A:91:6D (random), AD evt type 4, RSSI -78  C:0 S:1 D:0 SR:1 E:0 Prim: LE 1M, Secn: No packets, Interval: 0x0000 (0 us), SID: 0xff
[1;32muart:~$ [m[8D[J[DEVICE]: CF:4C:9E:8A:91:6D (random), AD evt type 4, RSSI -77  C:0 S:1 D:0 SR:1 E:0 Prim: LE 1M, Secn: No packets, Interval: 0x0000 (0 us), SID: 0xff
[1;32muart:~$ [m[8D[J[DEVICE]: CF:4C:9E:8A:91:6D (random), AD evt type 0, RSSI -77 Olivia’s Hatch C:1 S:1 D:0 SR:0 E:0 Prim: LE 1M, Secn: No packets, Interval: 0x0000 (0 us), SID: 0xff
[1;32muart:~$ [m[8D[J[DEVICE]: CF:4C:9E:8A:91:6D (random), AD evt type 4, RSSI -77  C:0 S:1 D:0 SR:1 E:0 Prim: LE 1M, Secn: No packets, Interval: 0x0000 (0 us), SID: 0xff
[1;32muart:~$ [m[8D[J[DEVICE]: CF:4C:9E:8A:91:6D (random), AD evt type 0, RSSI -79 Olivia’s Hatch C:1 S:1 D:0 SR:0 E:0 Prim: LE 1M, Secn: No packets, Interval: 0x0000 (0 us), SID: 0xff
[1;32muart:~$ [m[8D[J[DEVICE]: CF:4C:9E:8A:91:6D (random), AD evt type 4, RSSI -79  C:0 S:1 D:0 SR:1 E:0 Prim: LE 1M, Secn: No packets, Interval: 0x0000 (0 us), SID: 0xff
[1;32muart:~$ [m[8D[J[DEVICE]: CF:4C:9E:8A:91:6D (random), AD evt type 0, RSSI -63 Olivia’s Hatch C:1 S:1 D:0 SR:0 E:0 Prim: LE 1M, Secn: No packets, Interval: 0x0000 (0 us), SID: 0xff
[1;32muart:~$ [m[8D[J[DEVICE]: 88:6B:0F:C1:6A:91 (public), AD evt type 0, RSSI -89  C:1 S:1 D:0 SR:0 E:0 Prim: LE 1M, Secn: No packets, Interval: 0x0000 (0 us), SID: 0xff
[1;32muart:~$ [m[8D[J[DEVICE]: CF:4C:9E:8A:91:6D (random), AD evt type 0, RSSI -64 Olivia’s Hatch C:1 S:1 D:0 SR:0 E:0 Prim: LE 1M, Secn: No packets, Interval: 0x0000 (0 us), SID: 0xff
[1;32muart:~$ [m[8D[J[DEVICE]: 88:6B:0F:C1:6A:91 (public), AD evt type 0, RSSI -100  C:1 S:1 D:0 SR:0 E:0 Prim: LE 1M, Secn: No packets, Interval: 0x0000 (0 us), SID: 0xff
[1;32muart:~$ [m[8D[J[DEVICE]: 88:6B:0F:C1:6A:91 (public), AD evt type 0, RSSI -99  C:1 S:1 D:0 SR:0 E:0 Prim: LE 1M, Secn: No packets, Interval: 0x0000 (0 us), SID: 0xff
[1;32muart:~$ [m[8D[J[DEVICE]: 88:6B:0F:C1:6A:91 (public), AD evt type 4, RSSI -101 SCHWINN 170/270 C:0 S:1 D:0 SR:1 E:0 Prim: LE 1M, Secn: No packets, Interval: 0x0000 (0 us), SID: 0xff
[1;32muart:~$ [m[8D[J[DEVICE]: 88:6B:0F:C1:6A:91 (public), AD evt type 0, RSSI -100  C:1 S:1 D:0 SR:0 E:0 Prim: LE 1M, Secn: No packets, Interval: 0x0000 (0 us), SID: 0xff
[1;32muart:~$ [m[8D[J[DEVICE]: 88:6B:0F:C1:6A:91 (public), AD evt type 4, RSSI -99 SCHWINN 170/270 C:0 S:1 D:0 SR:1 E:0 Prim: LE 1M, Secn: No packets, Interval: 0x0000 (0 us), SID: 0xff
[1;32muart:~$ [m[8D[J[DEVICE]: CB:F1:03:F8:FC:96 (random), AD evt type 4, RSSI -97  C:0 S:1 D:0 SR:1 E:0 Prim: LE 1M, Secn: No packets, Interval: 0x0000 (0 us), SID: 0xff
[1;32muart:~$ [m[8D[J[DEVICE]: FA:80:CA:8D:32:4A (random), AD evt type 3, RSSI -77  C:0 S:0 D:0 SR:0 E:0 Prim: LE 1M, Secn: No packets, Interval: 0x0000 (0 us), SID: 0xff
[1;32muart:~$ [m[8D[J[DEVICE]: 63:6F:A9:40:4F:9C (random), AD evt type 2, RSSI -71  C:0 S:1 D:0 SR:0 E:0 Prim: LE 1M, Secn: No packets, Interval: 0x0000 (0 us), SID: 0xff
[1;32muart:~$ [m[8D[J[DEVICE]: CF:4C:9E:8A:91:6D (random), AD evt type 0, RSSI -77 Olivia’s Hatch C:1 S:1 D:0 SR:0 E:0 Prim: LE 1M, Secn: No packets, Interval: 0x0000 (0 us), SID: 0xff
[1;32muart:~$ [m[8D[J[DEVICE]: CF:4C:9E:8A:91:6D (random), AD evt type 4, RSSI -77  C:0 S:1 D:0 SR:1 E:0 Prim: LE 1M, Secn: No packets, Interval: 0x0000 (0 us), SID: 0xff
[1;32muart:~$ [m[8D[J[DEVICE]: CF:4C:9E:8A:91:6D (random), AD evt type 0, RSSI -77 Olivia’s Hatch C:1 S:1 D:0 SR:0 E:0 Prim: LE 1M, Secn: No packets, Interval: 0x0000 (0 us), SID: 0xff
[1;32muart:~$ [m[8D[J[DEVICE]: CF:4C:9E:8A:91:6D (random), AD evt type 4, RSSI -80  C:0 S:1 D:0 SR:1 E:0 Prim: LE 1M, Secn: No packets, Interval: 0x0000 (0 us), SID: 0xff
[1;32muart:~$ [m[8D[J[DEVICE]: CF:4C:9E:8A:91:6D (random), AD evt type 0, RSSI -78 Olivia’s Hatch C:1 S:1 D:0 SR:0 E:0 Prim: LE 1M, Secn: No packets, Interval: 0x0000 (0 us), SID: 0xff
[1;32muart:~$ [m[8D[J[DEVICE]: CF:4C:9E:8A:91:6D (random), AD evt type 4, RSSI -78  C:0 S:1 D:0 SR:1 E:0 Prim: LE 1M, Secn: No packets, Interval: 0x0000 (0 us), SID: 0xff
[1;32muart:~$ [m[8D[J[DEVICE]: 88:6B:0F:C1:6A:91 (public), AD evt type 0, RSSI -88  C:1 S:1 D:0 SR:0 E:0 Prim: LE 1M, Secn: No packets, Interval: 0x0000 (0 us), SID: 0xff
[1;32muart:~$ [m[8D[J[DEVICE]: 88:6B:0F:C1:6A:91 (public), AD evt type 0, RSSI -98  C:1 S:1 D:0 SR:0 E:0 Prim: LE 1M, Secn: No packets, Interval: 0x0000 (0 us), SID: 0xff
[1;32muart:~$ [m[8D[J[DEVICE]: CF:4C:9E:8A:91:6D (random), AD evt type 0, RSSI -67 Olivia’s Hatch C:1 S:1 D:0 SR:0 E:0 Prim: LE 1M, Secn: No packets, Interval: 0x0000 (0 us), SID: 0xff
[1;32muart:~$ [m[8D[J[DEVICE]: 88:6B:0F:C1:6A:91 (public), AD evt type 0, RSSI -88  C:1 S:1 D:0 SR:0 E:0 Prim: LE 1M, Secn: No packets, Interval: 0x0000 (0 us), SID: 0xff
[1;32muart:~$ [m[8D[J[DEVICE]: CF:4C:9E:8A:91:6D (random), AD evt type 0, RSSI -66 Olivia’s Hatch C:1 S:1 D:0 SR:0 E:0 Prim: LE 1M, Secn: No packets, Interval: 0x0000 (0 us), SID: 0xff
[1;32muart:~$ [m[8D[J[DEVICE]: CF:4C:9E:8A:91:6D (random), AD evt type 4, RSSI -77  C:0 S:1 D:0 SR:1 E:0 Prim: LE 1M, Secn: No packets, Interval: 0x0000 (0 us), SID: 0xff
[1;32muart:~$ [m[8D[J[DEVICE]: CF:4C:9E:8A:91:6D (random), AD evt type 0, RSSI -77 Olivia’s Hatch C:1 S:1 D:0 SR:0 E:0 Prim: LE 1M, Secn: No packets, Interval: 0x0000 (0 us), SID: 0xff
[1;32muart:~$ [m[8D[J[DEVICE]: CF:4C:9E:8A:91:6D (random), AD evt type 4, RSSI -77  C:0 S:1 D:0 SR:1 E:0 Prim: LE 1M, Secn: No packets, Interval: 0x0000 (0 us), SID: 0xff
[1;32muart:~$ [m[8D[J[DEVICE]: 88:6B:0F:C1:6A:91 (public), AD evt type 0, RSSI -101  C:1 S:1 D:0 SR:0 E:0 Prim: LE 1M, Secn: No packets, Interval: 0x0000 (0 us), SID: 0xff
[1;32muart:~$ [m[8D[J[DEVICE]: 88:6B:0F:C1:6A:91 (public), AD evt type 4, RSSI -98 SCHWINN 170/270 C:0 S:1 D:0 SR:1 E:0 Prim: LE 1M, Secn: No packets, Interval: 0x0000 (0 us), SID: 0xff
[1;32muart:~$ [m[8D[J[DEVICE]: CF:4C:9E:8A:91:6D (random), AD evt type 0, RSSI -66 Olivia’s Hatch C:1 S:1 D:0 SR:0 E:0 Prim: LE 1M, Secn: No packets, Interval: 0x0000 (0 us), SID: 0xff
[1;32muart:~$ [m[8D[J[DEVICE]: CF:4C:9E:8A:91:6D (random), AD evt type 0, RSSI -77 Olivia’s Hatch C:1 S:1 D:0 SR:0 E:0 Prim: LE 1M, Secn: No packets, Interval: 0x0000 (0 us), SID: 0xff
[1;32muart:~$ [m[8D[J[DEVICE]: CF:4C:9E:8A:91:6D (random), AD evt type 4, RSSI -77  C:0 S:1 D:0 SR:1 E:0 Prim: LE 1M, Secn: No packets, Interval: 0x0000 (0 us), SID: 0xff
[1;32muart:~$ [m[8D[J[DEVICE]: CF:4C:9E:8A:91:6D (random), AD evt type 0, RSSI -78 Olivia’s Hatch C:1 S:1 D:0 SR:0 E:0 Prim: LE 1M, Secn: No packets, Interval: 0x0000 (0 us), SID: 0xff
[1;32muart:~$ [m[8D[J[DEVICE]: CF:4C:9E:8A:91:6D (random), AD evt type 4, RSSI -77  C:0 S:1 D:0 SR:1 E:0 Prim: LE 1M, Secn: No packets, Interval: 0x0000 (0 us), SID: 0xff
[1;32muart:~$ [m[8D[J[DEVICE]: CF:4C:9E:8A:91:6D (random), AD evt type 0, RSSI -69 Olivia’s Hatch C:1 S:1 D:0 SR:0 E:0 Prim: LE 1M, Secn: No packets, Interval: 0x0000 (0 us), SID: 0xff
[1;32muart:~$ [m[8D[J[DEVICE]: CF:4C:9E:8A:91:6D (random), AD evt type 0, RSSI -64 Olivia’s Hatch C:1 S:1 D:0 SR:0 E:0 Prim: LE 1M, Secn: No packets, Interval: 0x0000 (0 us), SID: 0xff
[1;32muart:~$ [m[8D[J[DEVICE]: DE:CD:2F:5E:B6:C4 (public), AD evt type 0, RSSI -93  C:1 S:1 D:0 SR:0 E:0 Prim: LE 1M, Secn: No packets, Interval: 0x0000 (0 us), SID: 0xff
[1;32muart:~$ [m[8D[J[DEVICE]: CF:4C:9E:8A:91:6D (random), AD evt type 0, RSSI -77 Olivia’s Hatch C:1 S:1 D:0 SR:0 E:0 Prim: LE 1M, Secn: No packets, Interval: 0x0000 (0 us), SID: 0xff
[1;32muart:~$ [m[8D[J[DEVICE]: CF:4C:9E:8A:91:6D (random), AD evt type 4, RSSI -77  C:0 S:1 D:0 SR:1 E:0 Prim: LE 1M, Secn: No packets, Interval: 0x0000 (0 us), SID: 0xff
[1;32muart:~$ [m[8D[J[DEVICE]: CF:4C:9E:8A:91:6D (random), AD evt type 0, RSSI -78 Olivia’s Hatch C:1 S:1 D:0 SR:0 E:0 Prim: LE 1M, Secn: No packets, Interval: 0x0000 (0 us), SID: 0xff
[1;32muart:~$ [m[8D[J[DEVICE]: CF:4C:9E:8A:91:6D (random), AD evt type 0, RSSI -63 Olivia’s Hatch C:1 S:1 D:0 SR:0 E:0 Prim: LE 1M, Secn: No packets, Interval: 0x0000 (0 us), SID: 0xff
[1;32muart:~$ [m[8D[J[DEVICE]: CF:4C:9E:8A:91:6D (random), AD evt type 0, RSSI -79 Olivia’s Hatch C:1 S:1 D:0 SR:0 E:0 Prim: LE 1M, Secn: No packets, Interval: 0x0000 (0 us), SID: 0xff
[1;32muart:~$ [m[8D[J[DEVICE]: CF:4C:9E:8A:91:6D (random), AD evt type 0, RSSI -64 Olivia’s Hatch C:1 S:1 D:0 SR:0 E:0 Prim: LE 1M, Secn: No packets, Interval: 0x0000 (0 us), SID: 0xff
[1;32muart:~$ [m[8D[J[DEVICE]: CF:4C:9E:8A:91:6D (random), AD evt type 0, RSSI -78 Olivia’s Hatch C:1 S:1 D:0 SR:0 E:0 Prim: LE 1M, Secn: No packets, Interval: 0x0000 (0 us), SID: 0xff
[1;32muart:~$ [m[8D[J[DEVICE]: CF:4C:9E:8A:91:6D (random), AD evt type 0, RSSI -64 Olivia’s Hatch C:1 S:1 D:0 SR:0 E:0 Prim: LE 1M, Secn: No packets, Interval: 0x0000 (0 us), SID: 0xff
[1;32muart:~$ [m[8D[J[DEVICE]: CF:4C:9E:8A:91:6D (random), AD evt type 0, RSSI -67 Olivia’s Hatch C:1 S:1 D:0 SR:0 E:0 Prim: LE 1M, Secn: No packets, Interval: 0x0000 (0 us), SID: 0xff
[1;32muart:~$ [m[8D[J[DEVICE]: 63:6F:A9:40:4F:9C (random), AD evt type 2, RSSI -82  C:0 S:1 D:0 SR:0 E:0 Prim: LE 1M, Secn: No packets, Interval: 0x0000 (0 us), SID: 0xff
[1;32muart:~$ [m[8D[J[DEVICE]: CF:4C:9E:8A:91:6D (random), AD evt type 0, RSSI -63 Olivia’s Hatch C:1 S:1 D:0 SR:0 E:0 Prim: LE 1M, Secn: No packets, Interval: 0x0000 (0 us), SID: 0xff
[1;32muart:~$ [m[8D[J[DEVICE]: 88:6B:0F:C1:6A:91 (public), AD evt type 0, RSSI -101  C:1 S:1 D:0 SR:0 E:0 Prim: LE 1M, Secn: No packets, Interval: 0x0000 (0 us), SID: 0xff
[1;32muart:~$ [m[8D[J[DEVICE]: CF:4C:9E:8A:91:6D (random), AD evt type 0, RSSI -63 Olivia’s Hatch C:1 S:1 D:0 SR:0 E:0 Prim: LE 1M, Secn: No packets, Interval: 0x0000 (0 us), SID: 0xff
[1;32muart:~$ [m[8D[J[DEVICE]: 88:6B:0F:C1:6A:91 (public), AD evt type 0, RSSI -101  C:1 S:1 D:0 SR:0 E:0 Prim: LE 1M, Secn: No packets, Interval: 0x0000 (0 us), SID: 0xff
[1;32muart:~$ [m[8D[J[DEVICE]: CF:4C:9E:8A:91:6D (random), AD evt type 0, RSSI -80 Olivia’s Hatch C:1 S:1 D:0 SR:0 E:0 Prim: LE 1M, Secn: No packets, Interval: 0x0000 (0 us), SID: 0xff
[1;32muart:~$ [m[8D[J[DEVICE]: 63:6F:A9:40:4F:9C (random), AD evt type 2, RSSI -69  C:0 S:1 D:0 SR:0 E:0 Prim: LE 1M, Secn: No packets, Interval: 0x0000 (0 us), SID: 0xff
[1;32muart:~$ [m[8D[J[DEVICE]: CF:4C:9E:8A:91:6D (random), AD evt type 0, RSSI -63 Olivia’s Hatch C:1 S:1 D:0 SR:0 E:0 Prim: LE 1M, Secn: No packets, Interval: 0x0000 (0 us), SID: 0xff
[1;32muart:~$ [m[8D[J[DEVICE]: 88:6B:0F:C1:6A:91 (public), AD evt type 0, RSSI -90  C:1 S:1 D:0 SR:0 E:0 Prim: LE 1M, Secn: No packets, Interval: 0x0000 (0 us), SID: 0xff
[1;32muart:~$ [m[8D[J[DEVICE]: CF:4C:9E:8A:91:6D (random), AD evt type 0, RSSI -67 Olivia’s Hatch C:1 S:1 D:0 SR:0 E:0 Prim: LE 1M, Secn: No packets, Interval: 0x0000 (0 us), SID: 0xff
[1;32muart:~$ [m[8D[J[DEVICE]: CF:4C:9E:8A:91:6D (random), AD evt type 0, RSSI -66 Olivia’s Hatch C:1 S:1 D:0 SR:0 E:0 Prim: LE 1M, Secn: No packets, Interval: 0x0000 (0 us), SID: 0xff
[1;32muart:~$ [m[8D[J[DEVICE]: CF:4C:9E:8A:91:6D (random), AD evt type 0, RSSI -63 Olivia’s Hatch C:1 S:1 D:0 SR:0 E:0 Prim: LE 1M, Secn: No packets, Interval: 0x0000 (0 us), SID: 0xff
[1;32muart:~$ [m[8D[J[DEVICE]: CB:F1:03:F8:FC:96 (random), AD evt type 0, RSSI -101 N03DJ C:1 S:1 D:0 SR:0 E:0 Prim: LE 1M, Secn: No packets, Interval: 0x0000 (0 us), SID: 0xff
[1;32muart:~$ [m[8D[J[DEVICE]: 88:6B:0F:C1:6A:91 (public), AD evt type 0, RSSI -91  C:1 S:1 D:0 SR:0 E:0 Prim: LE 1M, Secn: No packets, Interval: 0x0000 (0 us), SID: 0xff
[1;32muart:~$ [m[8D[J[DEVICE]: CF:4C:9E:8A:91:6D (random), AD evt type 0, RSSI -77 Olivia’s Hatch C:1 S:1 D:0 SR:0 E:0 Prim: LE 1M, Secn: No packets, Interval: 0x0000 (0 us), SID: 0xff
[1;32muart:~$ [m[8D[J[DEVICE]: 63:6F:A9:40:4F:9C (random), AD evt type 2, RSSI -80  C:0 S:1 D:0 SR:0 E:0 Prim: LE 1M, Secn: No packets, Interval: 0x0000 (0 us), SID: 0xff
[1;32muart:~$ [m[8D[J[DEVICE]: F9:3A:E3:E6:6A:10 (random), AD evt type 0, RSSI -69 N014B C:1 S:1 D:0 SR:0 E:0 Prim: LE 1M, Secn: No packets, Interval: 0x0000 (0 us), SID: 0xff
[1;32muart:~$ [m[8D[J[DEVICE]: FC:26:94:D7:DB:C9 (random), AD evt type 0, RSSI -89  C:1 S:1 D:0 SR:0 E:0 Prim: LE 1M, Secn: No packets, Interval: 0x0000 (0 us), SID: 0xff
[1;32muart:~$ [m[8D[J[DEVICE]: CF:4C:9E:8A:91:6D (random), AD evt type 0, RSSI -66 Olivia’s Hatch C:1 S:1 D:0 SR:0 E:0 Prim: LE 1M, Secn: No packets, Interval: 0x0000 (0 us), SID: 0xff
[1;32muart:~$ [m[8D[J[DEVICE]: 63:6F:A9:40:4F:9C (random), AD evt type 2, RSSI -80  C:0 S:1 D:0 SR:0 E:0 Prim: LE 1M, Secn: No packets, Interval: 0x0000 (0 us), SID: 0xff
[1;32muart:~$ [m[8D[J[DEVICE]: 88:6B:0F:C1:6A:91 (public), AD evt type 0, RSSI -98  C:1 S:1 D:0 SR:0 E:0 Prim: LE 1M, Secn: No packets, Interval: 0x0000 (0 us), SID: 0xff
[1;32muart:~$ [m[8D[J[DEVICE]: CF:4C:9E:8A:91:6D (random), AD evt type 0, RSSI -79 Olivia’s Hatch C:1 S:1 D:0 SR:0 E:0 Prim: LE 1M, Secn: No packets, Interval: 0x0000 (0 us), SID: 0xff
[1;32muart:~$ [m[8D[J[DEVICE]: CF:4C:9E:8A:91:6D (random), AD evt type 0, RSSI -67 Olivia’s Hatch C:1 S:1 D:0 SR:0 E:0 Prim: LE 1M, Secn: No packets, Interval: 0x0000 (0 us), SID: 0xff
[1;32muart:~$ [m[8D[J[DEVICE]: CF:4C:9E:8A:91:6D (random), AD evt type 0, RSSI -64 Olivia’s Hatch C:1 S:1 D:0 SR:0 E:0 Prim: LE 1M, Secn: No packets, Interval: 0x0000 (0 us), SID: 0xff
[1;32muart:~$ [m[8D[J[DEVICE]: CF:4C:9E:8A:91:6D (random), AD evt type 0, RSSI -66 Olivia’s Hatch C:1 S:1 D:0 SR:0 E:0 Prim: LE 1M, Secn: No packets, Interval: 0x0000 (0 us), SID: 0xff
[1;32muart:~$ [m[8D[J[DEVICE]: 63:6F:A9:40:4F:9C (random), AD evt type 2, RSSI -73  C:0 S:1 D:0 SR:0 E:0 Prim: LE 1M, Secn: No packets, Interval: 0x0000 (0 us), SID: 0xff
[1;32muart:~$ [m[8D[J[DEVICE]: 53:D3:D3:DC:ED:83 (random), AD evt type 2, RSSI -89  C:0 S:1 D:0 SR:0 E:0 Prim: LE 1M, Secn: No packets, Interval: 0x0000 (0 us), SID: 0xff
[1;32muart:~$ [m[8D[J[DEVICE]: 88:6B:0F:C1:6A:91 (public), AD evt type 0, RSSI -99  C:1 S:1 D:0 SR:0 E:0 Prim: LE 1M, Secn: No packets, Interval: 0x0000 (0 us), SID: 0xff
[1;32muart:~$ [m[8D[J[DEVICE]: CF:4C:9E:8A:91:6D (random), AD evt type 0, RSSI -66 Olivia’s Hatch C:1 S:1 D:0 SR:0 E:0 Prim: LE 1M, Secn: No packets, Interval: 0x0000 (0 us), SID: 0xff
[1;32muart:~$ [m[8D[J[DEVICE]: CF:4C:9E:8A:91:6D (random), AD evt type 0, RSSI -66 Olivia’s Hatch C:1 S:1 D:0 SR:0 E:0 Prim: LE 1M, Secn: No packets, Interval: 0x0000 (0 us), SID: 0xff
[1;32muart:~$ [m[8D[J[DEVICE]: CF:4C:9E:8A:91:6D (random), AD evt type 0, RSSI -79 Olivia’s Hatch C:1 S:1 D:0 SR:0 E:0 Prim: LE 1M, Secn: No packets, Interval: 0x0000 (0 us), SID: 0xff
[1;32muart:~$ [m[8D[J[DEVICE]: CF:4C:9E:8A:91:6D (random), AD evt type 4, RSSI -79  C:0 S:1 D:0 SR:1 E:0 Prim: LE 1M, Secn: No packets, Interval: 0x0000 (0 us), SID: 0xff
[1;32muart:~$ [m[8D[J[DEVICE]: CF:4C:9E:8A:91:6D (random), AD evt type 0, RSSI -77 Olivia’s Hatch C:1 S:1 D:0 SR:0 E:0 Prim: LE 1M, Secn: No packets, Interval: 0x0000 (0 us), SID: 0xff
[1;32muart:~$ [m[8D[J[DEVICE]: CF:4C:9E:8A:91:6D (random), AD evt type 4, RSSI -77  C:0 S:1 D:0 SR:1 E:0 Prim: LE 1M, Secn: No packets, Interval: 0x0000 (0 us), SID: 0xff
[1;32muart:~$ [m[8D[J[DEVICE]: CF:4C:9E:8A:91:6D (random), AD evt type 0, RSSI -76 Olivia’s Hatch C:1 S:1 D:0 SR:0 E:0 Prim: LE 1M, Secn: No packets, Interval: 0x0000 (0 us), SID: 0xff
[1;32muart:~$ [m[8D[J[DEVICE]: 88:6B:0F:C1:6A:91 (public), AD evt type 0, RSSI -99  C:1 S:1 D:0 SR:0 E:0 Prim: LE 1M, Secn: No packets, Interval: 0x0000 (0 us), SID: 0xff
[1;32muart:~$ [m[8D[J[DEVICE]: CF:4C:9E:8A:91:6D (random), AD evt type 0, RSSI -69 Olivia’s Hatch C:1 S:1 D:0 SR:0 E:0 Prim: LE 1M, Secn: No packets, Interval: 0x0000 (0 us), SID: 0xff
[1;32muart:~$ [m[8D[J[DEVICE]: CF:4C:9E:8A:91:6D (random), AD evt type 0, RSSI -78 Olivia’s Hatch C:1 S:1 D:0 SR:0 E:0 Prim: LE 1M, Secn: No packets, Interval: 0x0000 (0 us), SID: 0xff
[1;32muart:~$ [m[8D[J[DEVICE]: 88:6B:0F:C1:6A:91 (public), AD evt type 0, RSSI -89  C:1 S:1 D:0 SR:0 E:0 Prim: LE 1M, Secn: No packets, Interval: 0x0000 (0 us), SID: 0xff
[1;32muart:~$ [m[8D[J[DEVICE]: CF:CF:C4:DA:2D:23 (random), AD evt type 0, RSSI -87 N02Y0 C:1 S:1 D:0 SR:0 E:0 Prim: LE 1M, Secn: No packets, Interval: 0x0000 (0 us), SID: 0xff
[1;32muart:~$ [m[8D[J[DEVICE]: CF:4C:9E:8A:91:6D (random), AD evt type 0, RSSI -63 Olivia’s Hatch C:1 S:1 D:0 SR:0 E:0 Prim: LE 1M, Secn: No packets, Interval: 0x0000 (0 us), SID: 0xff
[1;32muart:~$ [m[8D[J[DEVICE]: 88:6B:0F:C1:6A:91 (public), AD evt type 4, RSSI -99 SCHWINN 170/270 C:0 S:1 D:0 SR:1 E:0 Prim: LE 1M, Secn: No packets, Interval: 0x0000 (0 us), SID: 0xff
[1;32muart:~$ [m[8D[J[DEVICE]: CF:4C:9E:8A:91:6D (random), AD evt type 0, RSSI -79 Olivia’s Hatch C:1 S:1 D:0 SR:0 E:0 Prim: LE 1M, Secn: No packets, Interval: 0x0000 (0 us), SID: 0xff
[1;32muart:~$ [m[8D[J[DEVICE]: CF:4C:9E:8A:91:6D (random), AD evt type 4, RSSI -79  C:0 S:1 D:0 SR:1 E:0 Prim: LE 1M, Secn: No packets, Interval: 0x0000 (0 us), SID: 0xff
[1;32muart:~$ [m[8D[J[DEVICE]: 88:6B:0F:C1:6A:91 (public), AD evt type 0, RSSI -91  C:1 S:1 D:0 SR:0 E:0 Prim: LE 1M, Secn: No packets, Interval: 0x0000 (0 us), SID: 0xff
[1;32muart:~$ [m[8D[J[DEVICE]: 63:6F:A9:40:4F:9C (random), AD evt type 2, RSSI -66  C:0 S:1 D:0 SR:0 E:0 Prim: LE 1M, Secn: No packets, Interval: 0x0000 (0 us), SID: 0xff
[1;32muart:~$ [m[8D[J[DEVICE]: FC:26:94:D7:DB:C9 (random), AD evt type 0, RSSI -100  C:1 S:1 D:0 SR:0 E:0 Prim: LE 1M, Secn: No packets, Interval: 0x0000 (0 us), SID: 0xff
[1;32muart:~$ [m[8D[J[DEVICE]: FC:26:94:D7:DB:C9 (random), AD evt type 4, RSSI -104  C:0 S:1 D:0 SR:1 E:0 Prim: LE 1M, Secn: No packets, Interval: 0x0000 (0 us), SID: 0xff
[1;32muart:~$ [m[8D[J[DEVICE]: 88:6B:0F:C1:6A:91 (public), AD evt type 0, RSSI -100  C:1 S:1 D:0 SR:0 E:0 Prim: LE 1M, Secn: No packets, Interval: 0x0000 (0 us), SID: 0xff
[1;32muart:~$ [m[8D[J[DEVICE]: CB:F1:03:F8:FC:96 (random), AD evt type 0, RSSI -99 N03DJ C:1 S:1 D:0 SR:0 E:0 Prim: LE 1M, Secn: No packets, Interval: 0x0000 (0 us), SID: 0xff
[1;32muart:~$ [m[8D[J[DEVICE]: CF:4C:9E:8A:91:6D (random), AD evt type 0, RSSI -79 Olivia’s Hatch C:1 S:1 D:0 SR:0 E:0 Prim: LE 1M, Secn: No packets, Interval: 0x0000 (0 us), SID: 0xff
[1;32muart:~$ [m[8D[J[DEVICE]: 88:6B:0F:C1:6A:91 (public), AD evt type 0, RSSI -89  C:1 S:1 D:0 SR:0 E:0 Prim: LE 1M, Secn: No packets, Interval: 0x0000 (0 us), SID: 0xff
[1;32muart:~$ [m[8D[J[DEVICE]: CF:4C:9E:8A:91:6D (random), AD evt type 0, RSSI -80 Olivia’s Hatch C:1 S:1 D:0 SR:0 E:0 Prim: LE 1M, Secn: No packets, Interval: 0x0000 (0 us), SID: 0xff
[1;32muart:~$ [m[8D[J[DEVICE]: CF:4C:9E:8A:91:6D (random), AD evt type 0, RSSI -64 Olivia’s Hatch C:1 S:1 D:0 SR:0 E:0 Prim: LE 1M, Secn: No packets, Interval: 0x0000 (0 us), SID: 0xff
[1;32muart:~$ [m[8D[J[DEVICE]: CF:4C:9E:8A:91:6D (random), AD evt type 0, RSSI -63 Olivia’s Hatch C:1 S:1 D:0 SR:0 E:0 Prim: LE 1M, Secn: No packets, Interval: 0x0000 (0 us), SID: 0xff
[1;32muart:~$ [m[8D[J[DEVICE]: 88:6B:0F:C1:6A:91 (public), AD evt type 0, RSSI -98  C:1 S:1 D:0 SR:0 E:0 Prim: LE 1M, Secn: No packets, Interval: 0x0000 (0 us), SID: 0xff
[1;32muart:~$ [m[8D[J[DEVICE]: 88:6B:0F:C1:6A:91 (public), AD evt type 4, RSSI -99 SCHWINN 170/270 C:0 S:1 D:0 SR:1 E:0 Prim: LE 1M, Secn: No packets, Interval: 0x0000 (0 us), SID: 0xff
[1;32muart:~$ [m[8D[J[DEVICE]: DE:CD:2F:5E:B6:C4 (public), AD evt type 0, RSSI -92  C:1 S:1 D:0 SR:0 E:0 Prim: LE 1M, Secn: No packets, Interval: 0x0000 (0 us), SID: 0xff
[1;32muart:~$ [m[8D[J[DEVICE]: CF:4C:9E:8A:91:6D (random), AD evt type 0, RSSI -79 Olivia’s Hatch C:1 S:1 D:0 SR:0 E:0 Prim: LE 1M, Secn: No packets, Interval: 0x0000 (0 us), SID: 0xff
[1;32muart:~$ [m[8D[J[DEVICE]: CF:4C:9E:8A:91:6D (random), AD evt type 4, RSSI -79  C:0 S:1 D:0 SR:1 E:0 Prim: LE 1M, Secn: No packets, Interval: 0x0000 (0 us), SID: 0xff
[1;32muart:~$ [m[8D[J[DEVICE]: 63:6F:A9:40:4F:9C (random), AD evt type 2, RSSI -69  C:0 S:1 D:0 SR:0 E:0 Prim: LE 1M, Secn: No packets, Interval: 0x0000 (0 us), SID: 0xff
[1;32muart:~$ [m[8D[J[DEVICE]: 53:D3:D3:DC:ED:83 (random), AD evt type 2, RSSI -96  C:0 S:1 D:0 SR:0 E:0 Prim: LE 1M, Secn: No packets, Interval: 0x0000 (0 us), SID: 0xff
[1;32muart:~$ [m[8D[J[DEVICE]: 88:6B:0F:C1:6A:91 (public), AD evt type 0, RSSI -89  C:1 S:1 D:0 SR:0 E:0 Prim: LE 1M, Secn: No packets, Interval: 0x0000 (0 us), SID: 0xff
[1;32muart:~$ [m[8D[J[DEVICE]: CF:4C:9E:8A:91:6D (random), AD evt type 4, RSSI -77  C:0 S:1 D:0 SR:1 E:0 Prim: LE 1M, Secn: No packets, Interval: 0x0000 (0 us), SID: 0xff
[1;32muart:~$ [m[8D[J[DEVICE]: CF:4C:9E:8A:91:6D (random), AD evt type 0, RSSI -80 Olivia’s Hatch C:1 S:1 D:0 SR:0 E:0 Prim: LE 1M, Secn: No packets, Interval: 0x0000 (0 us), SID: 0xff
[1;32muart:~$ [m[8D[J[DEVICE]: CF:4C:9E:8A:91:6D (random), AD evt type 4, RSSI -80  C:0 S:1 D:0 SR:1 E:0 Prim: LE 1M, Secn: No packets, Interval: 0x0000 (0 us), SID: 0xff
[1;32muart:~$ [m[8D[J[DEVICE]: CF:4C:9E:8A:91:6D (random), AD evt type 0, RSSI -77 Olivia’s Hatch C:1 S:1 D:0 SR:0 E:0 Prim: LE 1M, Secn: No packets, Interval: 0x0000 (0 us), SID: 0xff
[1;32muart:~$ [m[8D[J[DEVICE]: CF:4C:9E:8A:91:6D (random), AD evt type 4, RSSI -77  C:0 S:1 D:0 SR:1 E:0 Prim: LE 1M, Secn: No packets, Interval: 0x0000 (0 us), SID: 0xff
[1;32muart:~$ [m[8D[J[DEVICE]: 88:6B:0F:C1:6A:91 (public), AD evt type 0, RSSI -89  C:1 S:1 D:0 SR:0 E:0 Prim: LE 1M, Secn: No packets, Interval: 0x0000 (0 us), SID: 0xff
[1;32muart:~$ [m[8D[J[DEVICE]: CF:4C:9E:8A:91:6D (random), AD evt type 0, RSSI -68 Olivia’s Hatch C:1 S:1 D:0 SR:0 E:0 Prim: LE 1M, Secn: No packets, Interval: 0x0000 (0 us), SID: 0xff
[1;32muart:~$ [m[8D[J[DEVICE]: 88:6B:0F:C1:6A:91 (public), AD evt type 0, RSSI -101  C:1 S:1 D:0 SR:0 E:0 Prim: LE 1M, Secn: No packets, Interval: 0x0000 (0 us), SID: 0xff
[1;32muart:~$ [m[8D[J[DEVICE]: 88:6B:0F:C1:6A:91 (public), AD evt type 4, RSSI -101 SCHWINN 170/270 C:0 S:1 D:0 SR:1 E:0 Prim: LE 1M, Secn: No packets, Interval: 0x0000 (0 us), SID: 0xff
[1;32muart:~$ [m[8D[J[DEVICE]: CF:4C:9E:8A:91:6D (random), AD evt type 0, RSSI -66 Olivia’s Hatch C:1 S:1 D:0 SR:0 E:0 Prim: LE 1M, Secn: No packets, Interval: 0x0000 (0 us), SID: 0xff
[1;32muart:~$ [m[8D[J[DEVICE]: 88:6B:0F:C1:6A:91 (public), AD evt type 0, RSSI -99  C:1 S:1 D:0 SR:0 E:0 Prim: LE 1M, Secn: No packets, Interval: 0x0000 (0 us), SID: 0xff
[1;32muart:~$ [m[8D[J[DEVICE]: 88:6B:0F:C1:6A:91 (public), AD evt type 4, RSSI -98 SCHWINN 170/270 C:0 S:1 D:0 SR:1 E:0 Prim: LE 1M, Secn: No packets, Interval: 0x0000 (0 us), SID: 0xff
[1;32muart:~$ [m[8D[J[DEVICE]: CB:F1:03:F8:FC:96 (random), AD evt type 0, RSSI -87 N03DJ C:1 S:1 D:0 SR:0 E:0 Prim: LE 1M, Secn: No packets, Interval: 0x0000 (0 us), SID: 0xff
[1;32muart:~$ [m[8D[J[DEVICE]: 63:6F:A9:40:4F:9C (random), AD evt type 2, RSSI -69  C:0 S:1 D:0 SR:0 E:0 Prim: LE 1M, Secn: No packets, Interval: 0x0000 (0 us), SID: 0xff
[1;32muart:~$ [m[8D[J[DEVICE]: F9:3A:E3:E6:6A:10 (random), AD evt type 4, RSSI -74  C:0 S:1 D:0 SR:1 E:0 Prim: LE 1M, Secn: No packets, Interval: 0x0000 (0 us), SID: 0xff
[1;32muart:~$ [m[8D[J[DEVICE]: CF:4C:9E:8A:91:6D (random), AD evt type 0, RSSI -63 Olivia’s Hatch C:1 S:1 D:0 SR:0 E:0 Prim: LE 1M, Secn: No packets, Interval: 0x0000 (0 us), SID: 0xff
[1;32muart:~$ [m[8D[J[DEVICE]: CF:4C:9E:8A:91:6D (random), AD evt type 0, RSSI -77 Olivia’s Hatch C:1 S:1 D:0 SR:0 E:0 Prim: LE 1M, Secn: No packets, Interval: 0x0000 (0 us), SID: 0xff
[1;32muart:~$ [m[8D[J[DEVICE]: CF:4C:9E:8A:91:6D (random), AD evt type 4, RSSI -77  C:0 S:1 D:0 SR:1 E:0 Prim: LE 1M, Secn: No packets, Interval: 0x0000 (0 us), SID: 0xff
[1;32muart:~$ [m[8D[J[DEVICE]: 63:6F:A9:40:4F:9C (random), AD evt type 4, RSSI -80  C:0 S:1 D:0 SR:1 E:0 Prim: LE 1M, Secn: No packets, Interval: 0x0000 (0 us), SID: 0xff
[1;32muart:~$ [m[8D[J[DEVICE]: CF:4C:9E:8A:91:6D (random), AD evt type 0, RSSI -79 Olivia’s Hatch C:1 S:1 D:0 SR:0 E:0 Prim: LE 1M, Secn: No packets, Interval: 0x0000 (0 us), SID: 0xff
[1;32muart:~$ [m[8D[J[DEVICE]: CF:4C:9E:8A:91:6D (random), AD evt type 4, RSSI -79  C:0 S:1 D:0 SR:1 E:0 Prim: LE 1M, Secn: No packets, Interval: 0x0000 (0 us), SID: 0xff
[1;32muart:~$ [m[8D[J[DEVICE]: 88:6B:0F:C1:6A:91 (public), AD evt type 0, RSSI -88  C:1 S:1 D:0 SR:0 E:0 Prim: LE 1M, Secn: No packets, Interval: 0x0000 (0 us), SID: 0xff
[1;32muart:~$ [m[8D[J[DEVICE]: FC:26:94:D7:DB:C9 (random), AD evt type 0, RSSI -88  C:1 S:1 D:0 SR:0 E:0 Prim: LE 1M, Secn: No packets, Interval: 0x0000 (0 us), SID: 0xff
[1;32muart:~$ [m>> [t=30s] uptime=51927 ms
CE]: 88:6B:0F:C1:6A:91 (public),[8D[J[DEVICE]: D6:CE:0E:2C:A0:0C (random), AD evt type 3, RSSI -82  C:0 S:0 D:0 SR:0 E:0 Prim: LE 1M, Secn: No packets, Interval: 0x0000 (0 us), SID: 0xff
[1;32muart:~$ [m[8D[J[DEVICE]: 53:D3:D3:DC:ED:83 (random), AD evt type 2, RSSI -89  C:0 S:1 D:0 SR:0 E:0 Prim: LE 1M, Secn: No packets, Interval: 0x0000 (0 us), SID: 0xff
[1;32muart:~$ [m[8D[J[DEVICE]: CF:4C:9E:8A:91:6D (random), AD evt type 0, RSSI -63 Olivia’s Hatch C:1 S:1 D:0 SR:0 E:0 Prim: LE 1M, Secn: No packets, Interval: 0x0000 (0 us), SID: 0xff
[1;32muart:~$ [m[8D[J[DEVICE]: CF:4C:9E:8A:91:6D (random), AD evt type 0, RSSI -77 Olivia’s Hatch C:1 S:1 D:0 SR:0 E:0 Prim: LE 1M, Secn: No packets, Interval: 0x0000 (0 us), SID: 0xff
[1;32muart:~$ [m[8D[J[DEVICE]: CF:4C:9E:8A:91:6D (random), AD evt type 0, RSSI -67 Olivia’s Hatch C:1 S:1 D:0 SR:0 E:0 Prim: LE 1M, Secn: No packets, Interval: 0x0000 (0 us), SID: 0xff
[1;32muart:~$ [m[8D[J[DEVICE]: CF:4C:9E:8A:91:6D (random), AD evt type 0, RSSI -63 Olivia’s Hatch C:1 S:1 D:0 SR:0 E:0 Prim: LE 1M, Secn: No packets, Interval: 0x0000 (0 us), SID: 0xff
[1;32muart:~$ [m[8D[J[DEVICE]: 53:D3:D3:DC:ED:83 (random), AD evt type 2, RSSI -92  C:0 S:1 D:0 SR:0 E:0 Prim: LE 1M, Secn: No packets, Interval: 0x0000 (0 us), SID: 0xff
[1;32muart:~$ [m[8D[J[DEVICE]: CF:4C:9E:8A:91:6D (random), AD evt type 0, RSSI -63 Olivia’s Hatch C:1 S:1 D:0 SR:0 E:0 Prim: LE 1M, Secn: No packets, Interval: 0x0000 (0 us), SID: 0xff
[1;32muart:~$ [m[8D[J[DEVICE]: 63:6F:A9:40:4F:9C (random), AD evt type 2, RSSI -82  C:0 S:1 D:0 SR:0 E:0 Prim: LE 1M, Secn: No packets, Interval: 0x0000 (0 us), SID: 0xff
[1;32muart:~$ [m[8D[J[DEVICE]: 88:6B:0F:C1:6A:91 (public), AD evt type 4, RSSI -97 SCHWINN 170/270 C:0 S:1 D:0 SR:1 E:0 Prim: LE 1M, Secn: No packets, Interval: 0x0000 (0 us), SID: 0xff
[1;32muart:~$ [m[8D[J[DEVICE]: FA:80:CA:8D:32:4A (random), AD evt type 3, RSSI -86  C:0 S:0 D:0 SR:0 E:0 Prim: LE 1M, Secn: No packets, Interval: 0x0000 (0 us), SID: 0xff
[1;32muart:~$ [m[8D[J[DEVICE]: CF:4C:9E:8A:91:6D (random), AD evt type 0, RSSI -63 Olivia’s Hatch C:1 S:1 D:0 SR:0 E:0 Prim: LE 1M, Secn: No packets, Interval: 0x0000 (0 us), SID: 0xff
[1;32muart:~$ [m[8D[J[DEVICE]: 88:6B:0F:C1:6A:91 (public), AD evt type 0, RSSI -98  C:1 S:1 D:0 SR:0 E:0 Prim: LE 1M, Secn: No packets, Interval: 0x0000 (0 us), SID: 0xff
[1;32muart:~$ [m[8D[J[DEVICE]: CF:4C:9E:8A:91:6D (random), AD evt type 0, RSSI -66 Olivia’s Hatch C:1 S:1 D:0 SR:0 E:0 Prim: LE 1M, Secn: No packets, Interval: 0x0000 (0 us), SID: 0xff
[1;32muart:~$ [m[8D[J[DEVICE]: CF:4C:9E:8A:91:6D (random), AD evt type 0, RSSI -63 Olivia’s Hatch C:1 S:1 D:0 SR:0 E:0 Prim: LE 1M, Secn: No packets, Interval: 0x0000 (0 us), SID: 0xff
[1;32muart:~$ [m[8D[J[DEVICE]: 88:6B:0F:C1:6A:91 (public), AD evt type 0, RSSI -91  C:1 S:1 D:0 SR:0 E:0 Prim: LE 1M, Secn: No packets, Interval: 0x0000 (0 us), SID: 0xff
[1;32muart:~$ [m[8D[J[DEVICE]: 63:6F:A9:40:4F:9C (random), AD evt type 2, RSSI -69  C:0 S:1 D:0 SR:0 E:0 Prim: LE 1M, Secn: No packets, Interval: 0x0000 (0 us), SID: 0xff
[1;32muart:~$ [m[8D[J[DEVICE]: CF:4C:9E:8A:91:6D (random), AD evt type 0, RSSI -63 Olivia’s Hatch C:1 S:1 D:0 SR:0 E:0 Prim: LE 1M, Secn: No packets, Interval: 0x0000 (0 us), SID: 0xff
[1;32muart:~$ [m[8D[J[DEVICE]: CF:4C:9E:8A:91:6D (random), AD evt type 4, RSSI -77  C:0 S:1 D:0 SR:1 E:0 Prim: LE 1M, Secn: No packets, Interval: 0x0000 (0 us), SID: 0xff
[1;32muart:~$ [m[8D[J[DEVICE]: 88:6B:0F:C1:6A:91 (public), AD evt type 0, RSSI -101  C:1 S:1 D:0 SR:0 E:0 Prim: LE 1M, Secn: No packets, Interval: 0x0000 (0 us), SID: 0xff
[1;32muart:~$ [m[8D[J[DEVICE]: 53:D3:D3:DC:ED:83 (random), AD evt type 2, RSSI -102  C:0 S:1 D:0 SR:0 E:0 Prim: LE 1M, Secn: No packets, Interval: 0x0000 (0 us), SID: 0xff
[1;32muart:~$ [m[8D[J[DEVICE]: 88:6B:0F:C1:6A:91 (public), AD evt type 0, RSSI -90  C:1 S:1 D:0 SR:0 E:0 Prim: LE 1M, Secn: No packets, Interval: 0x0000 (0 us), SID: 0xff
[1;32muart:~$ [m[8D[J[DEVICE]: 88:6B:0F:C1:6A:91 (public), AD evt type 0, RSSI -98  C:1 S:1 D:0 SR:0 E:0 Prim: LE 1M, Secn: No packets, Interval: 0x0000 (0 us), SID: 0xff
[1;32muart:~$ [m[8D[J[DEVICE]: CF:4C:9E:8A:91:6D (random), AD evt type 0, RSSI -77 Olivia’s Hatch C:1 S:1 D:0 SR:0 E:0 Prim: LE 1M, Secn: No packets, Interval: 0x0000 (0 us), SID: 0xff
[1;32muart:~$ [m[8D[J[DEVICE]: CF:4C:9E:8A:91:6D (random), AD evt type 0, RSSI -66 Olivia’s Hatch C:1 S:1 D:0 SR:0 E:0 Prim: LE 1M, Secn: No packets, Interval: 0x0000 (0 us), SID: 0xff
[1;32muart:~$ [m[8D[J[DEVICE]: CF:4C:9E:8A:91:6D (random), AD evt type 0, RSSI -64 Olivia’s Hatch C:1 S:1 D:0 SR:0 E:0 Prim: LE 1M, Secn: No packets, Interval: 0x0000 (0 us), SID: 0xff
[1;32muart:~$ [m[8D[J[DEVICE]: 88:6B:0F:C1:6A:91 (public), AD evt type 0, RSSI -100  C:1 S:1 D:0 SR:0 E:0 Prim: LE 1M, Secn: No packets, Interval: 0x0000 (0 us), SID: 0xff
[1;32muart:~$ [m[8D[J[DEVICE]: D6:CE:0E:2C:A0:0C (random), AD evt type 3, RSSI -95  C:0 S:0 D:0 SR:0 E:0 Prim: LE 1M, Secn: No packets, Interval: 0x0000 (0 us), SID: 0xff
[1;32muart:~$ [m[8D[J[DEVICE]: 88:6B:0F:C1:6A:91 (public), AD evt type 0, RSSI -98  C:1 S:1 D:0 SR:0 E:0 Prim: LE 1M, Secn: No packets, Interval: 0x0000 (0 us), SID: 0xff
[1;32muart:~$ [m[8D[J[DEVICE]: CB:F1:03:F8:FC:96 (random), AD evt type 0, RSSI -89 N03DJ C:1 S:1 D:0 SR:0 E:0 Prim: LE 1M, Secn: No packets, Interval: 0x0000 (0 us), SID: 0xff
[1;32muart:~$ [m[8D[J[DEVICE]: CF:4C:9E:8A:91:6D (random), AD evt type 0, RSSI -77 Olivia’s Hatch C:1 S:1 D:0 SR:0 E:0 Prim: LE 1M, Secn: No packets, Interval: 0x0000 (0 us), SID: 0xff
[1;32muart:~$ [m[8D[J[DEVICE]: CF:4C:9E:8A:91:6D (random), AD evt type 4, RSSI -77  C:0 S:1 D:0 SR:1 E:0 Prim: LE 1M, Secn: No packets, Interval: 0x0000 (0 us), SID: 0xff
[1;32muart:~$ [m[8D[J[DEVICE]: CF:4C:9E:8A:91:6D (random), AD evt type 0, RSSI -66 Olivia’s Hatch C:1 S:1 D:0 SR:0 E:0 Prim: LE 1M, Secn: No packets, Interval: 0x0000 (0 us), SID: 0xff
[1;32muart:~$ [m[8D[J[DEVICE]: CF:4C:9E:8A:91:6D (random), AD evt type 0, RSSI -63 Olivia’s Hatch C:1 S:1 D:0 SR:0 E:0 Prim: LE 1M, Secn: No packets, Interval: 0x0000 (0 us), SID: 0xff
[1;32muart:~$ [m[8D[J[DEVICE]: CF:4C:9E:8A:91:6D (random), AD evt type 0, RSSI -64 Olivia’s Hatch C:1 S:1 D:0 SR:0 E:0 Prim: LE 1M, Secn: No packets, Interval: 0x0000 (0 us), SID: 0xff
[1;32muart:~$ [m[8D[J[DEVICE]: CF:4C:9E:8A:91:6D (random), AD evt type 0, RSSI -66 Olivia’s Hatch C:1 S:1 D:0 SR:0 E:0 Prim: LE 1M, Secn: No packets, Interval: 0x0000 (0 us), SID: 0xff
[1;32muart:~$ [m[8D[J[DEVICE]: FA:80:CA:8D:32:4A (random), AD evt type 3, RSSI -88  C:0 S:0 D:0 SR:0 E:0 Prim: LE 1M, Secn: No packets, Interval: 0x0000 (0 us), SID: 0xff
[1;32muart:~$ [m[8D[J[DEVICE]: CF:4C:9E:8A:91:6D (random), AD evt type 4, RSSI -78  C:0 S:1 D:0 SR:1 E:0 Prim: LE 1M, Secn: No packets, Interval: 0x0000 (0 us), SID: 0xff
[1;32muart:~$ [m[8D[J[DEVICE]: 88:6B:0F:C1:6A:91 (public), AD evt type 0, RSSI -99  C:1 S:1 D:0 SR:0 E:0 Prim: LE 1M, Secn: No packets, Interval: 0x0000 (0 us), SID: 0xff
[1;32muart:~$ [m[8D[J[DEVICE]: 88:6B:0F:C1:6A:91 (public), AD evt type 4, RSSI -99 SCHWINN 170/270 C:0 S:1 D:0 SR:1 E:0 Prim: LE 1M, Secn: No packets, Interval: 0x0000 (0 us), SID: 0xff
[1;32muart:~$ [m[8D[J[DEVICE]: 50:59:24:CD:2E:CF (random), AD evt type 0, RSSI -94  C:1 S:1 D:0 SR:0 E:0 Prim: LE 1M, Secn: No packets, Interval: 0x0000 (0 us), SID: 0xff
[1;32muart:~$ [m[8D[J[DEVICE]: 88:6B:0F:C1:6A:91 (public), AD evt type 0, RSSI -89  C:1 S:1 D:0 SR:0 E:0 Prim: LE 1M, Secn: No packets, Interval: 0x0000 (0 us), SID: 0xff
[1;32muart:~$ [m[8D[J[DEVICE]: CF:4C:9E:8A:91:6D (random), AD evt type 0, RSSI -77 Olivia’s Hatch C:1 S:1 D:0 SR:0 E:0 Prim: LE 1M, Secn: No packets, Interval: 0x0000 (0 us), SID: 0xff
[1;32muart:~$ [m[8D[J[DEVICE]: CF:4C:9E:8A:91:6D (random), AD evt type 0, RSSI -67 Olivia’s Hatch C:1 S:1 D:0 SR:0 E:0 Prim: LE 1M, Secn: No packets, Interval: 0x0000 (0 us), SID: 0xff
[1;32muart:~$ [m[8D[J[DEVICE]: CF:4C:9E:8A:91:6D (random), AD evt type 0, RSSI -77 Olivia’s Hatch C:1 S:1 D:0 SR:0 E:0 Prim: LE 1M, Secn: No packets, Interval: 0x0000 (0 us), SID: 0xff
[1;32muart:~$ [m[8D[J[DEVICE]: CF:4C:9E:8A:91:6D (random), AD evt type 4, RSSI -77  C:0 S:1 D:0 SR:1 E:0 Prim: LE 1M, Secn: No packets, Interval: 0x0000 (0 us), SID: 0xff
[1;32muart:~$ [m[8D[J[DEVICE]: 88:6B:0F:C1:6A:91 (public), AD evt type 0, RSSI -92  C:1 S:1 D:0 SR:0 E:0 Prim: LE 1M, Secn: No packets, Interval: 0x0000 (0 us), SID: 0xff
[1;32muart:~$ [m[8D[J[DEVICE]: 63:6F:A9:40:4F:9C (random), AD evt type 2, RSSI -80  C:0 S:1 D:0 SR:0 E:0 Prim: LE 1M, Secn: No packets, Interval: 0x0000 (0 us), SID: 0xff
[1;32muart:~$ [m[8D[J[DEVICE]: CF:4C:9E:8A:91:6D (random), AD evt type 0, RSSI -76 Olivia’s Hatch C:1 S:1 D:0 SR:0 E:0 Prim: LE 1M, Secn: No packets, Interval: 0x0000 (0 us), SID: 0xff
[1;32muart:~$ [m[8D[J[DEVICE]: 88:6B:0F:C1:6A:91 (public), AD evt type 0, RSSI -101  C:1 S:1 D:0 SR:0 E:0 Prim: LE 1M, Secn: No packets, Interval: 0x0000 (0 us), SID: 0xff
[1;32muart:~$ [m[8D[J[DEVICE]: CF:4C:9E:8A:91:6D (random), AD evt type 4, RSSI -78  C:0 S:1 D:0 SR:1 E:0 Prim: LE 1M, Secn: No packets, Interval: 0x0000 (0 us), SID: 0xff
[1;32muart:~$ [m[8D[J[DEVICE]: 88:6B:0F:C1:6A:91 (public), AD evt type 0, RSSI -90  C:1 S:1 D:0 SR:0 E:0 Prim: LE 1M, Secn: No packets, Interval: 0x0000 (0 us), SID: 0xff
[1;32muart:~$ [m[8D[J[DEVICE]: CF:4C:9E:8A:91:6D (random), AD evt type 0, RSSI -63 Olivia’s Hatch C:1 S:1 D:0 SR:0 E:0 Prim: LE 1M, Secn: No packets, Interval: 0x0000 (0 us), SID: 0xff
[1;32muart:~$ [m[8D[J[DEVICE]: CF:4C:9E:8A:91:6D (random), AD evt type 0, RSSI -79 Olivia’s Hatch C:1 S:1 D:0 SR:0 E:0 Prim: LE 1M, Secn: No packets, Interval: 0x0000 (0 us), SID: 0xff
[1;32muart:~$ [m[8D[J[DEVICE]: CF:4C:9E:8A:91:6D (random), AD evt type 4, RSSI -80  C:0 S:1 D:0 SR:1 E:0 Prim: LE 1M, Secn: No packets, Interval: 0x0000 (0 us), SID: 0xff
[1;32muart:~$ [m[8D[J[DEVICE]: CF:4C:9E:8A:91:6D (random), AD evt type 0, RSSI -77 Olivia’s Hatch C:1 S:1 D:0 SR:0 E:0 Prim: LE 1M, Secn: No packets, Interval: 0x0000 (0 us), SID: 0xff
[1;32muart:~$ [m[8D[J[DEVICE]: CF:4C:9E:8A:91:6D (random), AD evt type 4, RSSI -77  C:0 S:1 D:0 SR:1 E:0 Prim: LE 1M, Secn: No packets, Interval: 0x0000 (0 us), SID: 0xff
[1;32muart:~$ [m[8D[J[DEVICE]: CF:4C:9E:8A:91:6D (random), AD evt type 0, RSSI -79 Olivia’s Hatch C:1 S:1 D:0 SR:0 E:0 Prim: LE 1M, Secn: No packets, Interval: 0x0000 (0 us), SID: 0xff
[1;32muart:~$ [m[8D[J[DEVICE]: 88:6B:0F:C1:6A:91 (public), AD evt type 0, RSSI -100  C:1 S:1 D:0 SR:0 E:0 Prim: LE 1M, Secn: No packets, Interval: 0x0000 (0 us), SID: 0xff
[1;32muart:~$ [m[8D[J[DEVICE]: CF:4C:9E:8A:91:6D (random), AD evt type 0, RSSI -80 Olivia’s Hatch C:1 S:1 D:0 SR:0 E:0 Prim: LE 1M, Secn: No packets, Interval: 0x0000 (0 us), SID: 0xff
[1;32muart:~$ [m[8D[J[DEVICE]: CF:4C:9E:8A:91:6D (random), AD evt type 4, RSSI -80  C:0 S:1 D:0 SR:1 E:0 Prim: LE 1M, Secn: No packets, Interval: 0x0000 (0 us), SID: 0xff
[1;32muart:~$ [m[8D[J[DEVICE]: CF:4C:9E:8A:91:6D (random), AD evt type 0, RSSI -63 Olivia’s Hatch C:1 S:1 D:0 SR:0 E:0 Prim: LE 1M, Secn: No packets, Interval: 0x0000 (0 us), SID: 0xff
[1;32muart:~$ [m[8D[J[DEVICE]: 88:6B:0F:C1:6A:91 (public), AD evt type 0, RSSI -99  C:1 S:1 D:0 SR:0 E:0 Prim: LE 1M, Secn: No packets, Interval: 0x0000 (0 us), SID: 0xff
[1;32muart:~$ [m[8D[J[DEVICE]: 63:6F:A9:40:4F:9C (random), AD evt type 4, RSSI -82  C:0 S:1 D:0 SR:1 E:0 Prim: LE 1M, Secn: No packets, Interval: 0x0000 (0 us), SID: 0xff
[1;32muart:~$ [m[8D[J[DEVICE]: CF:4C:9E:8A:91:6D (random), AD evt type 0, RSSI -80 Olivia’s Hatch C:1 S:1 D:0 SR:0 E:0 Prim: LE 1M, Secn: No packets, Interval: 0x0000 (0 us), SID: 0xff
[1;32muart:~$ [m[8D[J[DEVICE]: 76:96:50:E1:7B:8B (random), AD evt type 0, RSSI -89  C:1 S:1 D:0 SR:0 E:0 Prim: LE 1M, Secn: No packets, Interval: 0x0000 (0 us), SID: 0xff
[1;32muart:~$ [m[8D[J[DEVICE]: 88:6B:0F:C1:6A:91 (public), AD evt type 0, RSSI -89  C:1 S:1 D:0 SR:0 E:0 Prim: LE 1M, Secn: No packets, Interval: 0x0000 (0 us), SID: 0xff
[1;32muart:~$ [m[8D[J[DEVICE]: FA:80:CA:8D:32:4A (random), AD evt type 3, RSSI -79  C:0 S:0 D:0 SR:0 E:0 Prim: LE 1M, Secn: No packets, Interval: 0x0000 (0 us), SID: 0xff
[1;32muart:~$ [m[8D[J[DEVICE]: CF:4C:9E:8A:91:6D (random), AD evt type 4, RSSI -77  C:0 S:1 D:0 SR:1 E:0 Prim: LE 1M, Secn: No packets, Interval: 0x0000 (0 us), SID: 0xff
[1;32muart:~$ [m>> [t=60s] uptime=84703 ms
>> [t=90s] uptime=117465 ms
>> [t=120s] uptime=150221 ms
Open On-Chip Debugger 0.12.0+dev (2025-10-09-12:15)
Licensed under GNU GPL v2
For bug reports, read
	http://openocd.org/doc/doxygen/bugs.html
Info : [rp2350.cm0] Hardware thread awareness created
Info : [rp2350.cm1] Hardware thread awareness created
ocd_process_reset_inner
adapter speed: 5000 kHz
Info : Using CMSIS-DAPv2 interface with VID:PID=0x2e8a:0x000c, serial=E665485457925026
Info : CMSIS-DAP: SWD supported
Info : CMSIS-DAP: Atomic commands supported
Info : CMSIS-DAP: Test domain timer supported
Info : CMSIS-DAP: FW Version = 2.0.0
Info : CMSIS-DAP: Interface Initialised (SWD)
Info : SWCLK/TCK = 0 SWDIO/TMS = 0 TDI = 0 TDO = 0 nTRST = 0 nRESET = 0
Info : CMSIS-DAP: Interface ready
Info : clock speed 5000 kHz
Info : SWD DPIDR 0x4c013477
Info : [rp2350.cm0] Cortex-M33 r1p0 processor detected
Info : [rp2350.cm0] target has 8 breakpoints, 4 watchpoints
Info : [rp2350.cm0] Examination succeed
Info : [rp2350.cm1] Cortex-M33 r1p0 processor detected
Info : [rp2350.cm1] target has 8 breakpoints, 4 watchpoints
Info : [rp2350.cm1] Examination succeed
Info : [rp2350.cm0] starting gdb server on 3333
Info : Listening on port 3333 for gdb connections
=== SUMMARY ===
advertising-report lines captured: 542
fault/panic/assert hits during flood: 0
RESULT: PASS (device responsive through the whole event flood, zero faults)
